Benchmark,Min Time (s),Max Time (s),Avg Time (s),Count
6s317b14.60.11,9272,9272,9272.0,1
6s421rb083.60.50,3233,3233,3233.0,1
139444p0.60.58,1,476,238.5,2
139462p0.60.37,945,945,945.0,1
139442p0.60.42,79,79,79.0,1
6s277rb292.60.38,2058,2058,2058.0,1
139464p0.60.20,6059,6059,6059.0,1
6s209b0.60.12,3779,3779,3779.0,1
6s326rb08.60.8,7848,7848,7848.0,1
6s159.60.19,21,21,21.0,1
139452p0.60.34,1,255,128.0,2
6s164.60.29,17,17,17.0,1
139443p0.60.37,1,265,133.0,2
6s277rb292.60.9,1,1654,827.5,2
6s362rb1.60.51,506,506,506.0,1
139443p0.60.52,1,284,142.5,2
6s317b14.60.54,1,10213,5107.0,2
139463p0.60.0,1058,1058,1058.0,1
139454p0.60.13,997,997,997.0,1
139444p0.60.23,505,505,505.0,1
6s317b14.60.15,1,9708,4854.5,2
139443p0.60.41,1,267,134.0,2
6s317b14.60.6,1,10440,5220.5,2
6s43.60.52,3413,3413,3413.0,1
139463p0.60.14,1510,1510,1510.0,1
139454p0.60.10,1423,1423,1423.0,1
6s164.60.26,18,18,18.0,1
139444p0.60.19,522,522,522.0,1
6s317b14.60.12,1,9231,4616.0,2
6s421rb083.60.46,3012,3012,3012.0,1
139444p0.60.57,446,446,446.0,1
139453p0.60.3,1,1021,511.0,2
139462p0.60.41,1473,1473,1473.0,1
6s277rb292.60.40,1,1894,947.5,2
139442p0.60.36,78,78,78.0,1
139464p0.60.21,6497,6497,6497.0,1
6s209b0.60.11,1,3775,1888.0,2
6s159.60.23,21,21,21.0,1
6s277rb292.60.17,1728,1728,1728.0,1
6s164.60.31,17,17,17.0,1
6s421rb083.60.39,2870,2870,2870.0,1
6s43.60.10,2992,2992,2992.0,1
6s326rb08.60.2,6152,6152,6152.0,1
6s317b14.60.8,9234,9234,9234.0,1
6s164.60.38,1,19,10.0,2
139442p0.60.47,75,75,75.0,1
139463p0.60.16,1503,1503,1503.0,1
139463p0.60.24,1,1090,545.5,2
6s43.60.50,3294,3294,3294.0,1
139464p0.60.30,6734,6734,6734.0,1
6s164.60.59,19,19,19.0,1
6s194.60.57,1349,1349,1349.0,1
6s164.60.24,18,18,18.0,1
6s391rb379.60.30,1067,1067,1067.0,1
6s362rb1.60.21,520,520,520.0,1
6s325rb072.60.13,1414,1414,1414.0,1
139462p0.60.43,1492,1492,1492.0,1
6s209b0.60.58,1,4254,2127.5,2
139453p0.60.56,1477,1477,1477.0,1
139443p0.60.20,251,251,251.0,1
6s277rb292.60.15,1967,1967,1967.0,1
6s159.60.25,21,21,21.0,1
139444p0.60.2,487,487,487.0,1
139452p0.60.28,266,266,266.0,1
6s325rb072.60.58,1190,1190,1190.0,1
6s275rb318.60.31,2283,2283,2283.0,1
6s391rb379.60.2,1228,1228,1228.0,1
6s421rb083.60.52,3313,3313,3313.0,1
6s362rb1.60.20,499,499,499.0,1
139442p0.60.44,78,78,78.0,1
6s325rb072.60.10,1138,1138,1138.0,1
6s209b0.60.57,4178,4178,4178.0,1
139453p0.60.59,1454,1454,1454.0,1
6s326rb08.60.6,4484,4484,4484.0,1
139443p0.60.21,1,268,134.5,2
6s275rb318.60.9,1,2278,1139.5,2
6s325rb072.60.57,1217,1217,1217.0,1
139452p0.60.32,252,252,252.0,1
6s275rb318.60.29,2280,2280,2280.0,1
139444p0.60.30,484,484,484.0,1
6s362rb1.60.53,508,508,508.0,1
6s43.60.13,3062,3062,3062.0,1
6s421rb083.60.3,2928,2928,2928.0,1
6s326rb08.60.30,6339,6339,6339.0,1
139442p0.60.4,78,78,78.0,1
6s43.60.46,4168,4168,4168.0,1
139442p0.60.11,1,78,39.5,2
139464p0.60.2,6532,6532,6532.0,1
6s164.60.56,19,19,19.0,1
139444p0.60.25,558,558,558.0,1
6s164.60.18,18,18,18.0,1
6s194.60.58,1351,1351,1351.0,1
6s277rb292.60.53,1880,1880,1880.0,1
6s372rb26.60.5,329,329,329.0,1
6s391rb379.60.51,1172,1172,1172.0,1
6s362rb1.60.42,500,500,500.0,1
6s372rb26.60.27,309,309,309.0,1
6s391rb379.60.23,1035,1035,1035.0,1
139453p0.60.37,1426,1426,1426.0,1
139452p0.60.57,254,254,254.0,1
139463p0.60.8,1022,1022,1022.0,1
6s275rb318.60.59,1963,1963,1963.0,1
139443p0.60.36,1,264,132.5,2
139454p0.60.47,1525,1525,1525.0,1
6s362rb1.60.10,528,528,528.0,1
6s325rb072.60.42,1067,1067,1067.0,1
6s275rb318.60.14,1892,1892,1892.0,1
6s326rb08.60.19,1,5791,2896.0,2
6s43.60.28,3460,3460,3460.0,1
6s194.60.17,1346,1346,1346.0,1
6s421rb083.60.0,3008,3008,3008.0,1
6s421rb083.60.54,3129,3129,3129.0,1
139444p0.60.55,1,459,230.0,2
6s325rb072.60.17,1,1525,763.0,2
6s159.60.4,1,19,10.0,2
139464p0.60.5,4414,4414,4414.0,1
6s209b0.60.48,4418,4418,4418.0,1
6s194.60.36,958,958,958.0,1
6s4.60.21,63,63,63.0,1
6s326rb08.60.23,4500,4500,4500.0,1
6s43.60.32,3964,3964,3964.0,1
6s421rb083.60.6,2628,2628,2628.0,1
6s421rb083.60.14,2660,2660,2660.0,1
139453p0.60.16,1422,1422,1422.0,1
6s159.60.47,20,20,20.0,1
139454p0.60.44,1459,1459,1459.0,1
139464p0.60.55,6188,6188,6188.0,1
6s209b0.60.49,4423,4423,4423.0,1
6s194.60.42,915,915,915.0,1
6s4.60.20,62,62,62.0,1
6s372rb26.60.55,321,321,321.0,1
6s391rb379.60.45,1203,1203,1203.0,1
6s362rb1.60.36,498,498,498.0,1
6s372rb26.60.33,314,314,314.0,1
139444p0.60.34,1,446,223.5,2
139452p0.60.26,264,264,264.0,1
6s391rb379.60.19,1136,1136,1136.0,1
139453p0.60.41,1055,1055,1055.0,1
139452p0.60.58,255,255,255.0,1
6s275rb318.60.56,2484,2484,2484.0,1
139454p0.60.4,1512,1512,1512.0,1
139443p0.60.42,264,264,264.0,1
6s209b0.60.43,4348,4348,4348.0,1
6s362rb1.60.13,497,497,497.0,1
6s325rb072.60.36,1718,1718,1718.0,1
6s275rb318.60.0,2064,2064,2064.0,1
6s317b14.60.29,9805,9805,9805.0,1
6s43.60.34,4928,4928,4928.0,1
6s325rb072.60.32,1,1263,632.0,2
6s326rb08.60.25,4025,4025,4025.0,1
6s372rb26.60.22,296,296,296.0,1
6s421rb083.60.8,2856,2856,2856.0,1
6s421rb083.60.16,3007,3007,3007.0,1
139453p0.60.14,1405,1405,1405.0,1
139443p0.60.49,1,271,136.0,2
139454p0.60.42,1475,1475,1475.0,1
139462p0.60.57,902,902,902.0,1
6s194.60.44,1,892,446.5,2
6s277rb292.60.45,1930,1930,1930.0,1
139444p0.60.32,1,493,247.0,2
139452p0.60.24,255,255,255.0,1
6s372rb26.60.35,318,318,318.0,1
139462p0.60.1,1389,1389,1389.0,1
139463p0.60.54,1569,1569,1569.0,1
139453p0.60.43,1419,1419,1419.0,1
139443p0.60.44,263,263,263.0,1
6s209b0.60.32,1,3096,1548.5,2
6s159.60.38,20,20,20.0,1
6s209b0.60.41,4321,4321,4321.0,1
6s4.60.28,63,63,63.0,1
6s391rb379.60.53,1157,1157,1157.0,1
6s372rb26.60.7,297,297,297.0,1
6s277rb292.60.51,2054,2054,2054.0,1
139452p0.60.18,1,270,135.5,2
6s362rb1.60.44,516,516,516.0,1
139462p0.60.22,1378,1378,1378.0,1
6s391rb379.60.25,1038,1038,1038.0,1
139463p0.60.6,1122,1122,1122.0,1
6s209b0.60.37,3094,3094,3094.0,1
6s159.60.40,1,20,10.5,2
6s275rb318.60.16,1893,1893,1893.0,1
6s325rb072.60.44,1180,1180,1180.0,1
139443p0.60.22,1,252,126.5,2
6s317b14.60.31,8798,8798,8798.0,1
6s194.60.15,1274,1274,1274.0,1
6s372rb26.60.1,319,319,319.0,1
139443p0.60.48,1,277,139.0,2
139453p0.60.0,1418,1418,1418.0,1
139464p0.60.7,4876,4876,4876.0,1
139454p0.60.36,981,981,981.0,1
139462p0.60.58,901,901,901.0,1
6s159.60.30,21,21,21.0,1
6s209b0.60.27,3681,3681,3681.0,1
6s275rb318.60.26,1971,1971,1971.0,1
6s325rb072.60.34,1413,1413,1413.0,1
139463p0.60.50,1074,1074,1074.0,1
6s362rb1.60.34,498,498,498.0,1
139452p0.60.0,256,256,256.0,1
139462p0.60.12,1417,1417,1417.0,1
139442p0.60.20,78,78,78.0,1
6s277rb292.60.5,2071,2071,2071.0,1
6s391rb379.60.7,1033,1033,1033.0,1
6s372rb26.60.53,301,301,301.0,1
139462p0.60.4,1058,1058,1058.0,1
139443p0.60.56,252,252,252.0,1
6s164.60.43,17,17,17.0,1
139453p0.60.18,1081,1081,1081.0,1
139464p0.60.17,1,6047,3024.0,2
139454p0.60.28,1387,1387,1387.0,1
139464p0.60.53,6270,6270,6270.0,1
6s372rb26.60.11,296,296,296.0,1
6s317b14.60.3,1,8876,4438.5,2
6s277rb292.60.59,1,2093,1047.0,2
6s194.60.34,1190,1190,1190.0,1
139462p0.60.47,1464,1464,1464.0,1
139443p0.60.59,279,279,279.0,1
139454p0.60.32,1372,1372,1372.0,1
6s421rb083.60.26,2865,2865,2865.0,1
6s372rb26.60.12,296,296,296.0,1
6s317b14.60.39,10187,10187,10187.0,1
139443p0.60.11,1,272,136.5,2
6s326rb08.60.17,4676,4676,4676.0,1
6s43.60.44,4282,4282,4282.0,1
139442p0.60.8,79,79,79.0,1
6s209b0.60.33,1,3101,1551.0,2
6s159.60.2,21,21,21.0,1
139453p0.60.35,1428,1428,1428.0,1
139463p0.60.46,1565,1565,1565.0,1
139443p0.60.34,266,266,266.0,1
139452p0.60.14,256,256,256.0,1
139462p0.60.11,1367,1367,1367.0,1
6s277rb292.60.55,2182,2182,2182.0,1
139442p0.60.21,78,78,78.0,1
139444p0.60.42,476,476,476.0,1
6s164.60.9,19,19,19.0,1
6s4.60.10,63,63,63.0,1
6s194.60.32,1146,1146,1146.0,1
6s159.60.57,20,20,20.0,1
6s164.60.37,19,19,19.0,1
139464p0.60.45,6683,6683,6683.0,1
139454p0.60.34,1367,1367,1367.0,1
6s421rb083.60.24,2650,2650,2650.0,1
6s164.60.5,1,19,10.0,2
6s43.60.42,5183,5183,5183.0,1
6s326rb08.60.15,6532,6532,6532.0,1
139442p0.60.6,79,79,79.0,1
6s209b0.60.35,3216,3216,3216.0,1
6s325rb072.60.28,1386,1386,1386.0,1
6s275rb318.60.18,1605,1605,1605.0,1
139452p0.60.4,261,261,261.0,1
139453p0.60.33,1427,1427,1427.0,1
139443p0.60.32,1,251,126.0,2
6s275rb318.60.48,1647,1647,1647.0,1
139452p0.60.16,270,270,270.0,1
6s362rb1.60.28,520,520,520.0,1
6s372rb26.60.45,297,297,297.0,1
6s391rb379.60.55,1334,1334,1334.0,1
139444p0.60.44,476,476,476.0,1
6s275rb318.60.24,1975,1975,1975.0,1
139452p0.60.47,253,253,253.0,1
139463p0.60.52,1538,1538,1538.0,1
139453p0.60.27,915,915,915.0,1
139443p0.60.28,252,252,252.0,1
6s275rb318.60.49,1976,1976,1976.0,1
6s362rb1.60.32,509,509,509.0,1
6s372rb26.60.51,325,325,325.0,1
6s391rb379.60.5,1224,1224,1224.0,1
6s277rb292.60.7,2087,2087,2087.0,1
6s4.60.13,62,62,62.0,1
6s194.60.28,1153,1153,1153.0,1
6s159.60.58,20,20,20.0,1
6s164.60.41,19,19,19.0,1
139464p0.60.51,6306,6306,6306.0,1
6s209b0.60.47,1,4421,2211.0,2
6s421rb083.60.18,2845,2845,2845.0,1
6s164.60.55,1,19,10.0,2
6s43.60.36,4412,4412,4412.0,1
139443p0.60.45,1,250,125.5,2
6s277rb292.60.19,2279,2279,2279.0,1
139452p0.60.42,252,252,252.0,1
6s325rb072.60.47,1102,1102,1102.0,1
6s275rb318.60.39,1988,1988,1988.0,1
139453p0.60.22,1,1283,642.0,2
139463p0.60.29,1607,1607,1607.0,1
139453p0.60.49,1319,1319,1319.0,1
6s325rb072.60.20,1468,1468,1468.0,1
139443p0.60.13,1,276,138.5,2
6s326rb08.60.53,3848,3848,3848.0,1
6s372rb26.60.38,292,292,292.0,1
139442p0.60.34,78,78,78.0,1
6s391rb379.60.38,1450,1450,1450.0,1
139464p0.60.38,4377,4377,4377.0,1
6s194.60.4,1282,1282,1282.0,1
6s164.60.0,18,18,18.0,1
6s164.60.48,1,19,10.0,2
139444p0.60.17,517,517,517.0,1
6s43.60.54,3097,3097,3097.0,1
6s194.60.21,1340,1340,1340.0,1
6s326rb08.60.40,4837,4837,4837.0,1
139452p0.60.27,263,263,263.0,1
6s421rb083.60.31,2616,2616,2616.0,1
6s362rb1.60.7,514,514,514.0,1
6s43.60.21,3243,3243,3243.0,1
139464p0.60.40,3892,3892,3892.0,1
6s164.60.14,1,18,9.5,2
6s194.60.47,1,915,458.0,2
6s164.60.49,19,19,19.0,1
6s43.60.6,2838,2838,2838.0,1
139463p0.60.26,1595,1595,1595.0,1
6s194.60.20,1353,1353,1353.0,1
6s326rb08.60.38,3884,3884,3884.0,1
139442p0.60.12,79,79,79.0,1
139442p0.60.7,1,79,40.0,2
6s317b14.60.52,9718,9718,9718.0,1
6s43.60.20,2982,2982,2982.0,1
6s421rb083.60.29,3209,3209,3209.0,1
6s159.60.17,21,21,21.0,1
6s277rb292.60.23,2271,2271,2271.0,1
6s325rb072.60.4,1235,1235,1235.0,1
139452p0.60.36,255,255,255.0,1
6s275rb318.60.3,1678,1678,1678.0,1
139453p0.60.1,1056,1056,1056.0,1
139453p0.60.48,1320,1320,1320.0,1
139463p0.60.31,1589,1589,1589.0,1
6s325rb072.60.21,1467,1467,1467.0,1
139443p0.60.10,1,273,137.0,2
6s372rb26.60.40,319,319,319.0,1
139462p0.60.35,1453,1453,1453.0,1
139454p0.60.7,1054,1054,1054.0,1
6s391rb379.60.40,1042,1042,1042.0,1
139454p0.60.20,1432,1432,1432.0,1
6s277rb292.60.30,2267,2267,2267.0,1
139443p0.60.9,289,289,289.0,1
6s164.60.16,18,18,18.0,1
6s43.60.8,2802,2802,2802.0,1
6s317b14.60.50,9464,9464,9464.0,1
139442p0.60.5,1,79,40.0,2
139443p0.60.33,1,255,128.0,2
6s362rb1.60.55,512,512,512.0,1
6s277rb292.60.25,1892,1892,1892.0,1
6s159.60.15,19,19,19.0,1
139463p0.60.3,1,1482,741.5,2
139464p0.60.13,6072,6072,6072.0,1
6s209b0.60.1,3744,3744,3744.0,1
139444p0.60.47,447,447,447.0,1
6s326rb08.60.45,6241,6241,6241.0,1
6s391rb379.60.11,1113,1113,1113.0,1
139442p0.60.28,78,78,78.0,1
139462p0.60.33,1437,1437,1437.0,1
139454p0.60.5,1063,1063,1063.0,1
6s317b14.60.22,9434,9434,9434.0,1
139463p0.60.39,1459,1459,1459.0,1
139452p0.60.44,253,253,253.0,1
139464p0.60.10,5075,5075,5075.0,1
6s209b0.60.22,3646,3646,3646.0,1
139444p0.60.4,474,474,474.0,1
6s391rb379.60.12,1100,1100,1100.0,1
6s326rb08.60.51,5072,5072,5072.0,1
139442p0.60.32,80,80,80.0,1
139462p0.60.27,1235,1235,1235.0,1
139454p0.60.55,1472,1472,1472.0,1
6s317b14.60.1,8054,8054,8054.0,1
139454p0.60.21,1416,1416,1416.0,1
6s277rb292.60.2,2273,2273,2273.0,1
139444p0.60.15,529,529,529.0,1
139463p0.60.18,1499,1499,1499.0,1
6s317b14.60.46,10080,10080,10080.0,1
139443p0.60.27,1,269,135.0,2
6s317b14.60.19,1,9916,4958.5,2
6s362rb1.60.5,515,515,515.0,1
6s277rb292.60.50,2034,2034,2034.0,1
6s372rb26.60.8,300,300,300.0,1
6s391rb379.60.52,1044,1044,1044.0,1
6s362rb1.60.43,499,499,499.0,1
139453p0.60.5,1,1453,727.0,2
139452p0.60.19,265,265,265.0,1
139462p0.60.21,1378,1378,1378.0,1
6s391rb379.60.26,1109,1109,1109.0,1
139463p0.60.5,1156,1156,1156.0,1
6s159.60.3,1,20,10.5,2
6s209b0.60.36,3296,3296,3296.0,1
6s325rb072.60.43,1293,1293,1293.0,1
6s275rb318.60.17,1655,1655,1655.0,1
6s317b14.60.30,9411,9411,9411.0,1
6s194.60.14,1268,1268,1268.0,1
6s372rb26.60.20,297,297,297.0,1
139443p0.60.47,276,276,276.0,1
139452p0.60.9,289,289,289.0,1
139454p0.60.37,1466,1466,1466.0,1
139464p0.60.8,4827,4827,4827.0,1
139462p0.60.59,1382,1382,1382.0,1
6s317b14.60.2,9133,9133,9133.0,1
6s326rb08.60.26,3806,3806,3806.0,1
6s43.60.35,4561,4561,4561.0,1
6s194.60.0,1277,1277,1277.0,1
6s421rb083.60.17,3129,3129,3129.0,1
6s421rb083.60.7,2638,2638,2638.0,1
6s372rb26.60.21,322,322,322.0,1
139453p0.60.15,1421,1421,1421.0,1
139443p0.60.4,276,276,276.0,1
139454p0.60.41,1466,1466,1466.0,1
6s194.60.43,920,920,920.0,1
139462p0.60.56,1,1366,683.5,2
6s277rb292.60.46,1997,1997,1997.0,1
139452p0.60.23,254,254,254.0,1
139444p0.60.33,1,489,245.0,2
6s372rb26.60.34,296,296,296.0,1
139462p0.60.20,1,1392,696.5,2
139453p0.60.44,1433,1433,1433.0,1
139463p0.60.55,1571,1571,1571.0,1
139443p0.60.43,266,266,266.0,1
6s209b0.60.42,4313,4313,4313.0,1
6s159.60.39,21,21,21.0,1
6s4.60.27,63,63,63.0,1
6s43.60.33,4758,4758,4758.0,1
6s326rb08.60.24,4895,4895,4895.0,1
6s421rb083.60.15,2661,2661,2661.0,1
6s421rb083.60.5,2746,2746,2746.0,1
6s159.60.48,20,20,20.0,1
139453p0.60.17,1407,1407,1407.0,1
139464p0.60.54,6292,6292,6292.0,1
139454p0.60.43,1463,1463,1463.0,1
6s209b0.60.4,4417,4417,4417.0,1
6s4.60.1,63,63,63.0,1
6s194.60.41,911,911,911.0,1
6s391rb379.60.46,1197,1197,1197.0,1
6s372rb26.60.54,317,317,317.0,1
6s372rb26.60.32,295,295,295.0,1
139452p0.60.25,264,264,264.0,1
6s362rb1.60.37,515,515,515.0,1
6s391rb379.60.18,1059,1059,1059.0,1
139452p0.60.59,253,253,253.0,1
139453p0.60.42,1408,1408,1408.0,1
139454p0.60.49,1524,1524,1524.0,1
6s275rb318.60.57,2489,2489,2489.0,1
6s362rb1.60.12,531,531,531.0,1
6s209b0.60.44,4327,4327,4327.0,1
6s209b0.60.9,3749,3749,3749.0,1
6s325rb072.60.37,1491,1491,1491.0,1
6s391rb379.60.50,1209,1209,1209.0,1
6s372rb26.60.6,324,324,324.0,1
6s277rb292.60.52,2034,2034,2034.0,1
6s372rb26.60.28,315,315,315.0,1
6s362rb1.60.41,500,500,500.0,1
6s391rb379.60.24,1038,1038,1038.0,1
139452p0.60.56,251,251,251.0,1
139463p0.60.7,1111,1111,1111.0,1
139453p0.60.36,1424,1424,1424.0,1
139454p0.60.48,1531,1531,1531.0,1
6s275rb318.60.58,1932,1932,1932.0,1
6s362rb1.60.11,531,531,531.0,1
6s275rb318.60.15,1888,1888,1888.0,1
6s325rb072.60.41,1555,1555,1555.0,1
6s43.60.27,3466,3466,3466.0,1
6s194.60.16,1342,1342,1342.0,1
6s326rb08.60.18,3833,3833,3833.0,1
139444p0.60.1,1,498,249.5,2
6s421rb083.60.55,3376,3376,3376.0,1
6s391rb379.60.9,1020,1020,1020.0,1
6s325rb072.60.16,1,1519,760.0,2
6s159.60.49,20,20,20.0,1
139464p0.60.6,4897,4897,4897.0,1
6s4.60.22,63,63,63.0,1
6s194.60.37,1005,1005,1005.0,1
6s391rb379.60.29,1141,1141,1141.0,1
6s421rb083.60.53,2852,2852,2852.0,1
6s325rb072.60.11,1155,1155,1155.0,1
139442p0.60.43,79,79,79.0,1
139453p0.60.58,1468,1468,1468.0,1
6s209b0.60.56,4351,4351,4351.0,1
6s326rb08.60.5,4534,4534,4534.0,1
6s277rb292.60.0,2274,2274,2274.0,1
6s275rb318.60.2,2276,2276,2276.0,1
139452p0.60.33,255,255,255.0,1
6s325rb072.60.56,1068,1068,1068.0,1
139444p0.60.31,494,494,494.0,1
139443p0.60.51,1,289,145.0,2
6s421rb083.60.40,2768,2768,2768.0,1
6s43.60.12,3037,3037,3037.0,1
6s362rb1.60.52,509,509,509.0,1
6s326rb08.60.31,5710,5710,5710.0,1
139442p0.60.49,79,79,79.0,1
6s43.60.45,4055,4055,4055.0,1
139442p0.60.10,1,78,39.5,2
139464p0.60.29,6516,6516,6516.0,1
6s194.60.59,1329,1329,1329.0,1
6s164.60.19,18,18,18.0,1
6s164.60.57,1,19,10.0,2
139444p0.60.26,543,543,543.0,1
6s317b14.60.16,1,9312,4656.5,2
6s43.60.11,2624,2624,2624.0,1
6s421rb083.60.38,3216,3216,3216.0,1
6s326rb08.60.29,6268,6268,6268.0,1
139442p0.60.48,78,78,78.0,1
6s317b14.60.7,9310,9310,9310.0,1
6s164.60.39,1,19,10.0,2
6s43.60.51,3644,3644,3644.0,1
139463p0.60.17,1522,1522,1522.0,1
139464p0.60.31,6716,6716,6716.0,1
6s164.60.23,18,18,18.0,1
6s194.60.56,1322,1322,1322.0,1
6s164.60.58,19,19,19.0,1
6s391rb379.60.31,1144,1144,1144.0,1
6s362rb1.60.22,516,516,516.0,1
6s325rb072.60.12,1047,1047,1047.0,1
139462p0.60.44,1474,1474,1474.0,1
139462p0.60.32,1,1425,713.0,2
139453p0.60.57,1458,1458,1458.0,1
6s209b0.60.59,3203,3203,3203.0,1
139443p0.60.1,273,273,273.0,1
6s326rb08.60.55,5441,5441,5441.0,1
6s159.60.26,21,21,21.0,1
6s277rb292.60.14,1997,1997,1997.0,1
139444p0.60.29,1,548,274.5,2
6s275rb318.60.30,2284,2284,2284.0,1
6s325rb072.60.59,1,1153,577.0,2
6s362rb1.60.46,499,499,499.0,1
6s317b14.60.5,10516,10516,10516.0,1
139463p0.60.15,1485,1485,1485.0,1
139463p0.60.25,1,1593,797.0,2
6s43.60.53,2892,2892,2892.0,1
139454p0.60.11,1,1417,709.0,2
139444p0.60.18,515,515,515.0,1
6s164.60.25,18,18,18.0,1
6s317b14.60.13,11030,11030,11030.0,1
6s421rb083.60.45,2762,2762,2762.0,1
139444p0.60.56,1,470,235.5,2
6s326rb08.60.54,5869,5869,5869.0,1
6s277rb292.60.3,1881,1881,1881.0,1
139442p0.60.37,1,78,39.5,2
139462p0.60.42,1475,1475,1475.0,1
139464p0.60.22,6487,6487,6487.0,1
6s209b0.60.10,3797,3797,3797.0,1
6s277rb292.60.16,1970,1970,1970.0,1
6s159.60.24,21,21,21.0,1
6s164.60.30,17,17,17.0,1
6s317b14.60.10,9122,9122,9122.0,1
6s421rb083.60.51,2823,2823,2823.0,1
139444p0.60.59,1,474,237.5,2
139442p0.60.41,79,79,79.0,1
6s277rb292.60.39,1643,1643,1643.0,1
139462p0.60.36,1431,1431,1431.0,1
139464p0.60.1,6058,6058,6058.0,1
6s326rb08.60.7,3872,3872,3872.0,1
6s209b0.60.13,3800,3800,3800.0,1
6s159.60.18,21,21,21.0,1
6s164.60.2,18,18,18.0,1
139452p0.60.35,254,254,254.0,1
6s362rb1.60.50,520,520,520.0,1
6s317b14.60.55,1,9735,4868.0,2
139462p0.60.9,1334,1334,1334.0,1
139454p0.60.12,1001,1001,1001.0,1
139444p0.60.24,447,447,447.0,1
6s159.60.0,22,22,22.0,1
139463p0.60.38,1488,1488,1488.0,1
139452p0.60.43,263,263,263.0,1
139464p0.60.11,6091,6091,6091.0,1
6s209b0.60.21,3874,3874,3874.0,1
6s326rb08.60.50,7789,7789,7789.0,1
6s391rb379.60.13,1037,1037,1037.0,1
139444p0.60.49,475,475,475.0,1
139462p0.60.28,1447,1447,1447.0,1
139442p0.60.33,78,78,78.0,1
6s317b14.60.20,1,8190,4095.5,2
6s277rb292.60.29,2287,2287,2287.0,1
139454p0.60.22,1040,1040,1040.0,1
139444p0.60.14,527,527,527.0,1
139463p0.60.19,1506,1506,1506.0,1
6s317b14.60.45,1,9220,4610.5,2
6s362rb1.60.6,520,520,520.0,1
6s194.60.24,1,1344,672.5,2
6s277rb292.60.31,2030,2030,2030.0,1
6s159.60.35,1,20,10.5,2
139454p0.60.1,1060,1060,1060.0,1
6s164.60.17,19,19,19.0,1
139444p0.60.0,521,521,521.0,1
6s43.60.7,2853,2853,2853.0,1
139463p0.60.23,1085,1085,1085.0,1
6s194.60.46,1,912,456.5,2
6s317b14.60.51,9379,9379,9379.0,1
6s275rb318.60.25,1,1983,992.0,2
6s362rb1.60.54,500,500,500.0,1
6s159.60.14,20,20,20.0,1
6s277rb292.60.26,2276,2276,2276.0,1
139463p0.60.40,1486,1486,1486.0,1
139464p0.60.12,6082,6082,6082.0,1
6s209b0.60.20,3814,3814,3814.0,1
6s391rb379.60.10,1047,1047,1047.0,1
6s326rb08.60.46,6437,6437,6437.0,1
139444p0.60.48,476,476,476.0,1
139442p0.60.27,1,79,40.0,2
6s317b14.60.21,8163,8163,8163.0,1
139454p0.60.6,1070,1070,1070.0,1
139464p0.60.3,3806,3806,3806.0,1
6s164.60.4,19,19,19.0,1
6s194.60.48,943,943,943.0,1
6s164.60.15,18,18,18.0,1
6s194.60.1,1338,1338,1338.0,1
6s43.60.5,2516,2516,2516.0,1
6s326rb08.60.39,4482,4482,4482.0,1
139442p0.60.13,74,74,74.0,1
6s317b14.60.53,10157,10157,10157.0,1
6s317b14.60.26,1,9807,4904.0,2
6s421rb083.60.2,2714,2714,2714.0,1
6s43.60.1,2829,2829,2829.0,1
139443p0.60.55,1,280,140.5,2
139444p0.60.39,1,472,236.5,2
6s277rb292.60.24,2237,2237,2237.0,1
6s159.60.16,21,21,21.0,1
139453p0.60.20,1005,1005,1005.0,1
6s275rb318.60.40,1,1637,819.0,2
139452p0.60.37,265,265,265.0,1
6s325rb072.60.49,1145,1145,1145.0,1
6s325rb072.60.22,1455,1455,1455.0,1
139453p0.60.47,1326,1326,1326.0,1
139463p0.60.30,1595,1595,1595.0,1
6s372rb26.60.3,320,320,320.0,1
139462p0.60.34,1444,1444,1444.0,1
139454p0.60.8,1080,1080,1080.0,1
6s391rb379.60.3,1399,1399,1399.0,1
6s277rb292.60.18,1725,1725,1725.0,1
139453p0.60.21,1,1032,516.5,2
6s275rb318.60.38,1,2378,1189.5,2
6s325rb072.60.48,1073,1073,1073.0,1
139452p0.60.41,262,262,262.0,1
6s325rb072.60.1,1518,1518,1518.0,1
139463p0.60.2,1601,1601,1601.0,1
139453p0.60.4,1309,1309,1309.0,1
139443p0.60.12,276,276,276.0,1
6s326rb08.60.52,5136,5136,5136.0,1
139442p0.60.35,74,74,74.0,1
6s372rb26.60.39,302,302,302.0,1
6s391rb379.60.39,1467,1467,1467.0,1
6s317b14.60.36,1,10208,5104.5,2
139464p0.60.39,5477,5477,5477.0,1
6s164.60.47,19,19,19.0,1
139444p0.60.16,522,522,522.0,1
6s159.60.9,21,21,21.0,1
6s194.60.49,938,938,938.0,1
6s194.60.22,1344,1344,1344.0,1
6s43.60.55,3652,3652,3652.0,1
6s326rb08.60.3,5378,5378,5378.0,1
6s43.60.22,3305,3305,3305.0,1
6s362rb1.60.8,516,516,516.0,1
6s421rb083.60.30,2626,2626,2626.0,1
6s362rb1.60.1,520,520,520.0,1
139442p0.60.55,78,78,78.0,1
6s275rb318.60.23,1967,1967,1967.0,1
6s325rb072.60.33,1454,1454,1454.0,1
139453p0.60.28,1156,1156,1156.0,1
139452p0.60.48,247,247,247.0,1
139463p0.60.53,1569,1569,1569.0,1
6s275rb318.60.4,2012,2012,2012.0,1
6s362rb1.60.33,527,527,527.0,1
6s372rb26.60.36,316,316,316.0,1
6s277rb292.60.8,2082,2082,2082.0,1
6s391rb379.60.6,1019,1019,1019.0,1
6s372rb26.60.50,332,332,332.0,1
6s159.60.12,1,21,11.0,2
6s194.60.27,1139,1139,1139.0,1
6s4.60.12,63,63,63.0,1
6s164.60.42,19,19,19.0,1
6s159.60.59,19,19,19.0,1
139464p0.60.50,6495,6495,6495.0,1
6s421rb083.60.19,2935,2935,2935.0,1
6s326rb08.60.0,5096,5096,5096.0,1
6s43.60.37,5407,5407,5407.0,1
6s194.60.33,1193,1193,1193.0,1
6s4.60.11,63,63,63.0,1
6s159.60.56,20,20,20.0,1
139454p0.60.35,1009,1009,1009.0,1
139464p0.60.46,5096,5096,5096.0,1
6s421rb083.60.23,2631,2631,2631.0,1
6s326rb08.60.14,5452,5452,5452.0,1
6s43.60.41,2641,2641,2641.0,1
6s209b0.60.34,3090,3090,3090.0,1
6s275rb318.60.19,2264,2264,2264.0,1
6s325rb072.60.27,1354,1354,1354.0,1
139453p0.60.32,1299,1299,1299.0,1
139452p0.60.49,261,261,261.0,1
6s275rb318.60.47,2415,2415,2415.0,1
6s362rb1.60.27,512,512,512.0,1
139452p0.60.17,1,265,133.0,2
6s391rb379.60.54,1128,1128,1128.0,1
6s372rb26.60.46,296,296,296.0,1
139444p0.60.43,1,474,237.5,2
139462p0.60.48,1476,1476,1476.0,1
6s194.60.35,971,971,971.0,1
139443p0.60.58,280,280,280.0,1
139454p0.60.33,1378,1378,1378.0,1
139444p0.60.52,1,457,229.0,2
6s372rb26.60.13,313,313,313.0,1
6s421rb083.60.25,3241,3241,3241.0,1
6s317b14.60.38,10272,10272,10272.0,1
6s43.60.43,4434,4434,4434.0,1
6s194.60.18,1351,1351,1351.0,1
6s326rb08.60.16,6946,6946,6946.0,1
6s159.60.29,21,21,21.0,1
139463p0.60.45,1532,1532,1532.0,1
139453p0.60.34,1437,1437,1437.0,1
139443p0.60.35,265,265,265.0,1
139452p0.60.15,269,269,269.0,1
139462p0.60.10,956,956,956.0,1
6s277rb292.60.54,1885,1885,1885.0,1
139442p0.60.22,78,78,78.0,1
139444p0.60.41,2,446,224.0,2
6s194.60.10,1,1285,643.0,2
6s209b0.60.28,3667,3667,3667.0,1
6s159.60.31,21,21,21.0,1
6s325rb072.60.35,1700,1700,1700.0,1
6s164.60.13,1,18,9.5,2
6s362rb1.60.45,513,513,513.0,1
139463p0.60.51,1,1556,778.5,2
139444p0.60.9,458,458,458.0,1
6s362rb1.60.35,499,499,499.0,1
139462p0.60.13,1379,1379,1379.0,1
6s372rb26.60.52,298,298,298.0,1
6s391rb379.60.8,1291,1291,1291.0,1
139442p0.60.1,79,79,79.0,1
6s277rb292.60.6,2086,2086,2086.0,1
139444p0.60.37,475,475,475.0,1
139462p0.60.49,1460,1460,1460.0,1
139443p0.60.57,280,280,280.0,1
6s164.60.44,18,18,18.0,1
139464p0.60.52,6253,6253,6253.0,1
139454p0.60.27,1379,1379,1379.0,1
6s372rb26.60.10,319,319,319.0,1
6s277rb292.60.58,1,2181,1091.0,2
6s317b14.60.40,7325,7325,7325.0,1
139444p0.60.10,522,522,522.0,1
6s164.60.52,19,19,19.0,1
139454p0.60.19,1080,1080,1080.0,1
6s277rb292.60.32,1584,1584,1584.0,1
139464p0.60.44,6701,6701,6701.0,1
139463p0.60.22,1114,1114,1114.0,1
6s317b14.60.49,9738,9738,9738.0,1
139442p0.60.16,78,78,78.0,1
6s362rb1.60.57,533,533,533.0,1
139463p0.60.41,1472,1472,1472.0,1
6s275rb318.60.43,1,2424,1212.5,2
6s325rb072.60.53,1109,1109,1109.0,1
6s159.60.13,20,20,20.0,1
6s209b0.60.18,4029,4029,4029.0,1
6s325rb072.60.25,1377,1377,1377.0,1
139464p0.60.15,6079,6079,6079.0,1
139463p0.60.35,1115,1115,1115.0,1
139442p0.60.2,75,75,75.0,1
6s372rb26.60.44,313,313,313.0,1
139462p0.60.31,1445,1445,1445.0,1
139444p0.60.45,472,472,472.0,1
6s391rb379.60.0,1046,1046,1046.0,1
6s326rb08.60.47,4468,4468,4468.0,1
139454p0.60.58,1,951,476.0,2
6s391rb379.60.44,1021,1021,1021.0,1
6s317b14.60.24,9792,9792,9792.0,1
139453p0.60.26,921,921,921.0,1
139463p0.60.37,1015,1015,1015.0,1
6s159.60.10,21,21,21.0,1
139443p0.60.17,274,274,274.0,1
6s209b0.60.24,3758,3758,3758.0,1
139463p0.60.9,1017,1017,1017.0,1
139453p0.60.52,1316,1316,1316.0,1
139442p0.60.30,78,78,78.0,1
139462p0.60.29,1442,1442,1442.0,1
139444p0.60.51,462,462,462.0,1
6s326rb08.60.4,4088,4088,4088.0,1
6s391rb379.60.14,1089,1089,1089.0,1
139454p0.60.57,1,958,479.5,2
6s317b14.60.18,10011,10011,10011.0,1
139444p0.60.13,449,449,449.0,1
6s194.60.53,1288,1288,1288.0,1
139454p0.60.23,1405,1405,1405.0,1
6s277rb292.60.28,2269,2269,2269.0,1
139463p0.60.1,1499,1499,1499.0,1
6s194.60.25,1143,1143,1143.0,1
6s317b14.60.48,9093,9093,9093.0,1
6s326rb08.60.44,4387,4387,4387.0,1
6s194.60.9,1336,1336,1336.0,1
6s43.60.25,3110,3110,3110.0,1
6s362rb1.60.58,500,500,500.0,1
6s421rb083.60.35,3157,3157,3157.0,1
139443p0.60.29,1,264,132.5,2
6s325rb072.60.45,1238,1238,1238.0,1
139452p0.60.40,265,265,265.0,1
6s275rb318.60.37,2278,2278,2278.0,1
139453p0.60.24,1216,1216,1216.0,1
6s277rb292.60.20,2274,2274,2274.0,1
139443p0.60.15,271,271,271.0,1
6s209b0.60.26,3794,3794,3794.0,1
139453p0.60.50,1337,1337,1337.0,1
139463p0.60.27,1600,1600,1600.0,1
6s325rb072.60.19,1532,1532,1532.0,1
6s391rb379.60.16,1261,1261,1261.0,1
139444p0.60.53,460,460,460.0,1
6s391rb379.60.36,1164,1164,1164.0,1
6s164.60.11,18,18,18.0,1
6s194.60.51,1294,1294,1294.0,1
6s164.60.46,19,19,19.0,1
139464p0.60.36,6727,6727,6727.0,1
139454p0.60.25,1374,1374,1374.0,1
6s43.60.56,3986,3986,3986.0,1
6s194.60.23,1343,1343,1343.0,1
6s326rb08.60.42,4480,4480,4480.0,1
139442p0.60.0,79,79,79.0,1
6s43.60.23,3393,3393,3393.0,1
6s421rb083.60.33,3059,3059,3059.0,1
6s194.60.45,885,885,885.0,1
6s164.60.12,18,18,18.0,1
6s164.60.50,19,19,19.0,1
139464p0.60.42,6705,6705,6705.0,1
6s277rb292.60.34,1638,1638,1638.0,1
6s43.60.59,2993,2993,2993.0,1
139463p0.60.12,1,1517,759.0,2
6s194.60.19,1343,1343,1343.0,1
139442p0.60.14,74,74,74.0,1
6s326rb08.60.36,3873,3873,3873.0,1
6s421rb083.60.27,2868,2868,2868.0,1
6s43.60.19,2881,2881,2881.0,1
139452p0.60.38,265,265,265.0,1
6s325rb072.60.51,1421,1421,1421.0,1
6s275rb318.60.41,2426,2426,2426.0,1
139444p0.60.36,447,447,447.0,1
139463p0.60.43,1478,1478,1478.0,1
6s277rb292.60.21,2282,2282,2282.0,1
139442p0.60.9,73,73,73.0,1
139463p0.60.33,1585,1585,1585.0,1
139453p0.60.46,1397,1397,1397.0,1
6s325rb072.60.23,1450,1450,1450.0,1
6s372rb26.60.42,320,320,320.0,1
6s362rb1.60.15,1,517,259.0,2
139464p0.60.27,6500,6500,6500.0,1
6s391rb379.60.42,1219,1219,1219.0,1
6s43.60.9,2617,2617,2617.0,1
139462p0.60.55,1,1009,505.0,2
6s194.60.30,1172,1172,1172.0,1
139464p0.60.47,5093,5093,5093.0,1
6s159.60.55,20,20,20.0,1
139443p0.60.8,286,286,286.0,1
6s372rb26.60.16,319,319,319.0,1
6s421rb083.60.22,2713,2713,2713.0,1
6s43.60.40,6297,6297,6297.0,1
6s326rb08.60.13,1,6059,3030.0,2
6s325rb072.60.2,1372,1372,1372.0,1
6s275rb318.60.1,2216,2216,2216.0,1
139442p0.60.59,79,79,79.0,1
139443p0.60.30,264,264,264.0,1
6s275rb318.60.46,2416,2416,2416.0,1
139452p0.60.51,259,259,259.0,1
139453p0.60.31,1339,1339,1339.0,1
6s362rb1.60.2,499,499,499.0,1
6s326rb08.60.56,1,5685,2843.0,2
6s372rb26.60.47,329,329,329.0,1
6s391rb379.60.57,1248,1248,1248.0,1
139442p0.60.25,78,78,78.0,1
6s325rb072.60.30,1121,1121,1121.0,1
6s275rb318.60.22,2003,2003,2003.0,1
139442p0.60.56,78,78,78.0,1
6s362rb1.60.19,518,518,518.0,1
6s159.60.34,20,20,20.0,1
139443p0.60.2,263,263,263.0,1
6s275rb318.60.50,1959,1959,1959.0,1
139452p0.60.45,253,253,253.0,1
139453p0.60.29,1322,1322,1322.0,1
139462p0.60.16,900,900,900.0,1
6s362rb1.60.30,527,527,527.0,1
6s326rb08.60.59,1,4581,2291.0,2
6s372rb26.60.4,332,332,332.0,1
6s391rb379.60.58,1037,1037,1037.0,1
6s4.60.15,63,63,63.0,1
6s194.60.2,1130,1130,1130.0,1
139462p0.60.53,1035,1035,1035.0,1
6s209b0.60.54,4304,4304,4304.0,1
139464p0.60.4,5081,5081,5081.0,1
6s159.60.5,20,20,20.0,1
6s164.60.3,19,19,19.0,1
6s421rb083.60.1,2747,2747,2747.0,1
6s43.60.38,6163,6163,6163.0,1
6s326rb08.60.10,1,4489,2245.0,2
6s317b14.60.43,9171,9171,9171.0,1
6s209b0.60.29,2999,2999,2999.0,1
6s159.60.32,21,21,21.0,1
6s275rb318.60.52,2492,2492,2492.0,1
139463p0.60.49,1446,1446,1446.0,1
139462p0.60.14,1335,1335,1335.0,1
139452p0.60.11,269,269,269.0,1
139444p0.60.38,479,479,479.0,1
139442p0.60.19,74,74,74.0,1
139462p0.60.51,1056,1056,1056.0,1
6s4.60.17,63,63,63.0,1
6s275rb318.60.45,2422,2422,2422.0,1
139454p0.60.2,1386,1386,1386.0,1
139443p0.60.54,279,279,279.0,1
6s159.60.7,20,20,20.0,1
6s372rb26.60.0,308,308,308.0,1
6s325rb072.60.38,1,1494,747.5,2
6s317b14.60.41,9313,9313,9313.0,1
139454p0.60.30,1377,1377,1377.0,1
139443p0.60.6,251,251,251.0,1
6s372rb26.60.14,310,310,310.0,1
6s317b14.60.37,10316,10316,10316.0,1
6s159.60.28,21,21,21.0,1
6s209b0.60.31,4283,4283,4283.0,1
139463p0.60.48,1563,1563,1563.0,1
139452p0.60.53,259,259,259.0,1
139462p0.60.0,993,993,993.0,1
139452p0.60.12,250,250,250.0,1
139444p0.60.40,472,472,472.0,1
139442p0.60.23,78,78,78.0,1
6s277rb292.60.57,2181,2181,2181.0,1
6s372rb26.60.24,312,312,312.0,1
139454p0.60.40,1476,1476,1476.0,1
139443p0.60.50,250,250,250.0,1
139453p0.60.12,1425,1425,1425.0,1
6s209b0.60.52,1,4443,2222.0,2
6s277rb292.60.47,1956,1956,1956.0,1
139462p0.60.18,1402,1402,1402.0,1
139452p0.60.22,255,255,255.0,1
139454p0.60.53,1508,1508,1508.0,1
139463p0.60.56,1566,1566,1566.0,1
139452p0.60.7,275,275,275.0,1
6s326rb08.60.37,1,5955,2978.0,2
6s4.60.2,63,63,63.0,1
6s362rb1.60.17,519,519,519.0,1
6s209b0.60.3,4299,4299,4299.0,1
6s159.60.36,20,20,20.0,1
6s277rb292.60.4,2021,2021,2021.0,1
139462p0.60.24,1369,1369,1369.0,1
139452p0.60.1,251,251,251.0,1
6s275rb318.60.8,2030,2030,2030.0,1
139463p0.60.59,1166,1166,1166.0,1
6s4.60.30,64,64,64.0,1
6s159.60.42,20,20,20.0,1
6s209b0.60.39,4341,4341,4341.0,1
6s194.60.13,1256,1256,1256.0,1
6s317b14.60.33,8317,8317,8317.0,1
6s372rb26.60.18,296,296,296.0,1
139454p0.60.38,1478,1478,1478.0,1
6s159.60.53,20,20,20.0,1
139453p0.60.11,895,895,895.0,1
139443p0.60.46,254,254,254.0,1
6s4.60.25,63,63,63.0,1
139462p0.60.5,1364,1364,1364.0,1
6s372rb26.60.58,328,328,328.0,1
6s391rb379.60.4,1466,1466,1466.0,1
139462p0.60.26,1361,1361,1361.0,1
6s391rb379.60.21,1017,1017,1017.0,1
6s362rb1.60.40,517,517,517.0,1
6s372rb26.60.29,313,313,313.0,1
6s275rb318.60.6,2050,2050,2050.0,1
139454p0.60.45,1458,1458,1458.0,1
139443p0.60.38,266,266,266.0,1
139453p0.60.39,1030,1030,1030.0,1
139452p0.60.55,259,259,259.0,1
6s325rb072.60.40,1127,1127,1127.0,1
6s275rb318.60.12,2051,2051,2051.0,1
6s326rb08.60.43,1,3787,1894.0,2
6s159.60.44,20,20,20.0,1
6s326rb08.60.9,7924,7924,7924.0,1
6s326rb08.60.20,4904,4904,4904.0,1
6s43.60.2,2842,2842,2842.0,1
6s317b14.60.35,10162,10162,10162.0,1
6s421rb083.60.56,3055,3055,3055.0,1
6s421rb083.60.11,3136,3136,3136.0,1
139464p0.60.58,4596,4596,4596.0,1
6s159.60.51,20,20,20.0,1
139462p0.60.7,1357,1357,1357.0,1
6s194.60.38,987,987,987.0,1
6s4.60.23,63,63,63.0,1
6s209b0.60.46,4423,4423,4423.0,1
6s326rb08.60.21,3731,3731,3731.0,1
6s43.60.30,4529,4529,4529.0,1
6s421rb083.60.12,3236,3236,3236.0,1
6s421rb083.60.59,3053,3053,3053.0,1
6s372rb26.60.26,308,308,308.0,1
139464p0.60.57,3506,3506,3506.0,1
6s194.60.40,1198,1198,1198.0,1
6s4.60.19,63,63,63.0,1
6s209b0.60.50,4426,4426,4426.0,1
6s372rb26.60.57,320,320,320.0,1
6s391rb379.60.47,1061,1061,1061.0,1
6s391rb379.60.20,1176,1176,1176.0,1
6s362rb1.60.38,499,499,499.0,1
6s372rb26.60.31,297,297,297.0,1
6s275rb318.60.54,2487,2487,2487.0,1
139443p0.60.40,1,270,135.5,2
139454p0.60.51,1511,1511,1511.0,1
139452p0.60.5,252,252,252.0,1
6s275rb318.60.11,2077,2077,2077.0,1
6s421rb083.60.9,2870,2870,2870.0,1
6s421rb083.60.37,3229,3229,3229.0,1
139442p0.60.45,78,78,78.0,1
6s326rb08.60.28,4888,4888,4888.0,1
6s43.60.49,4028,4028,4028.0,1
6s164.60.6,19,19,19.0,1
6s164.60.22,18,18,18.0,1
6s194.60.55,1285,1285,1285.0,1
139464p0.60.32,6696,6696,6696.0,1
6s391rb379.60.32,1135,1135,1135.0,1
6s277rb292.60.44,1941,1941,1941.0,1
6s325rb072.60.15,1509,1509,1509.0,1
6s362rb1.60.23,499,499,499.0,1
139443p0.60.19,1,274,137.5,2
139464p0.60.25,6508,6508,6508.0,1
6s209b0.60.5,3004,3004,3004.0,1
139453p0.60.54,1318,1318,1318.0,1
6s164.60.35,17,17,17.0,1
6s325rb072.60.5,1195,1195,1195.0,1
139452p0.60.2,265,265,265.0,1
6s275rb318.60.33,2272,2272,2272.0,1
139444p0.60.28,560,560,560.0,1
6s277rb292.60.13,1967,1967,1967.0,1
6s391rb379.60.28,1012,1012,1012.0,1
6s317b14.60.9,9355,9355,9355.0,1
139444p0.60.7,455,455,455.0,1
139443p0.60.23,1,269,135.0,2
6s209b0.60.16,4013,4013,4013.0,1
6s209b0.60.55,4270,4270,4270.0,1
139453p0.60.6,1458,1458,1458.0,1
139452p0.60.30,264,264,264.0,1
6s325rb072.60.55,1135,1135,1135.0,1
6s275rb318.60.27,1727,1727,1727.0,1
6s277rb292.60.10,2266,2266,2266.0,1
6s421rb083.60.41,2644,2644,2644.0,1
6s43.60.15,3017,3017,3017.0,1
139442p0.60.51,78,78,78.0,1
6s326rb08.60.32,5271,5271,5271.0,1
6s43.60.48,4277,4277,4277.0,1
6s164.60.54,19,19,19.0,1
6s194.60.5,1331,1331,1331.0,1
6s164.60.1,18,18,18.0,1
139454p0.60.17,1084,1084,1084.0,1
139464p0.60.28,6512,6512,6512.0,1
6s421rb083.60.49,2913,2913,2913.0,1
6s317b14.60.0,9202,9202,9202.0,1
139462p0.60.39,1466,1466,1466.0,1
139442p0.60.40,74,74,74.0,1
139444p0.60.5,476,476,476.0,1
139443p0.60.25,267,267,267.0,1
6s209b0.60.14,3786,3786,3786.0,1
139453p0.60.8,1442,1442,1442.0,1
139464p0.60.19,6071,6071,6071.0,1
6s164.60.27,19,19,19.0,1
6s159.60.20,21,21,21.0,1
6s421rb083.60.43,3102,3102,3102.0,1
6s43.60.17,2920,2920,2920.0,1
6s362rb1.60.4,515,515,515.0,1
139442p0.60.53,79,79,79.0,1
6s317b14.60.56,9696,9696,9696.0,1
6s326rb08.60.34,3770,3770,3770.0,1
139463p0.60.11,1485,1485,1485.0,1
6s194.60.7,1336,1336,1336.0,1
139444p0.60.21,506,506,506.0,1
6s277rb292.60.36,1792,1792,1792.0,1
139454p0.60.15,958,958,958.0,1
6s362rb1.60.47,503,503,503.0,1
139443p0.60.3,1,254,127.5,2
6s317b14.60.59,10385,10385,10385.0,1
139444p0.60.20,507,507,507.0,1
6s164.60.8,19,19,19.0,1
139464p0.60.34,6718,6718,6718.0,1
6s421rb083.60.48,2889,2889,2889.0,1
6s317b14.60.14,8438,8438,8438.0,1
6s391rb379.60.34,1021,1021,1021.0,1
139462p0.60.3,1485,1485,1485.0,1
139442p0.60.38,78,78,78.0,1
6s277rb292.60.42,1924,1924,1924.0,1
6s362rb1.60.25,516,516,516.0,1
6s209b0.60.0,4063,4063,4063.0,1
6s209b0.60.7,3090,3090,3090.0,1
139464p0.60.23,6490,6490,6490.0,1
6s275rb318.60.35,2119,2119,2119.0,1
6s325rb072.60.7,1224,1224,1224.0,1
6s164.60.33,17,17,17.0,1
6s159.60.21,21,21,21.0,1
139462p0.60.46,1484,1484,1484.0,1
139454p0.60.31,1373,1373,1373.0,1
139443p0.60.5,277,277,277.0,1
6s372rb26.60.15,309,309,309.0,1
6s209b0.60.30,4275,4275,4275.0,1
6s159.60.27,20,20,20.0,1
139463p0.60.47,1553,1553,1553.0,1
139452p0.60.52,257,257,257.0,1
139454p0.60.9,1058,1058,1058.0,1
139452p0.60.13,256,256,256.0,1
139444p0.60.3,472,472,472.0,1
139442p0.60.24,73,73,73.0,1
6s277rb292.60.56,2185,2185,2185.0,1
6s159.60.33,20,20,20.0,1
6s209b0.60.2,3165,3165,3165.0,1
6s275rb318.60.53,2500,2500,2500.0,1
139463p0.60.4,1121,1121,1121.0,1
139462p0.60.15,1361,1361,1361.0,1
139452p0.60.10,254,254,254.0,1
139442p0.60.18,78,78,78.0,1
6s4.60.16,62,62,62.0,1
139462p0.60.50,1000,1000,1000.0,1
139454p0.60.29,1389,1389,1389.0,1
6s325rb072.60.9,1,1202,601.5,2
6s159.60.8,20,20,20.0,1
6s362rb1.60.9,506,506,506.0,1
6s317b14.60.42,10961,10961,10961.0,1
6s275rb318.60.21,1793,1793,1793.0,1
6s325rb072.60.31,1098,1098,1098.0,1
6s362rb1.60.18,517,517,517.0,1
139442p0.60.57,78,78,78.0,1
6s275rb318.60.51,1605,1605,1605.0,1
139454p0.60.54,1471,1471,1471.0,1
139453p0.60.2,1299,1299,1299.0,1
139452p0.60.46,255,255,255.0,1
6s159.60.45,20,20,20.0,1
139462p0.60.17,899,899,899.0,1
6s362rb1.60.31,517,517,517.0,1
6s391rb379.60.59,1110,1110,1110.0,1
6s372rb26.60.49,317,317,317.0,1
139462p0.60.52,1007,1007,1007.0,1
6s194.60.29,1135,1135,1135.0,1
6s4.60.14,63,63,63.0,1
139464p0.60.49,5108,5108,5108.0,1
6s164.60.40,21,21,21.0,1
6s159.60.6,20,20,20.0,1
6s421rb083.60.20,3217,3217,3217.0,1
6s326rb08.60.11,7653,7653,7653.0,1
6s43.60.39,5448,5448,5448.0,1
6s317b14.60.44,9176,9176,9176.0,1
6s275rb318.60.42,1,2416,1208.5,2
6s194.60.31,1154,1154,1154.0,1
6s4.60.0,64,64,64.0,1
139462p0.60.54,1,1034,517.5,2
139464p0.60.48,5129,5129,5129.0,1
139443p0.60.7,288,288,288.0,1
6s159.60.54,21,21,21.0,1
6s421rb083.60.21,3197,3197,3197.0,1
6s372rb26.60.17,298,298,298.0,1
6s326rb08.60.12,6159,6159,6159.0,1
6s43.60.3,2975,2975,2975.0,1
6s275rb318.60.20,1762,1762,1762.0,1
6s325rb072.60.29,1375,1375,1375.0,1
139442p0.60.58,75,75,75.0,1
139443p0.60.31,264,264,264.0,1
139453p0.60.30,1339,1339,1339.0,1
139452p0.60.50,259,259,259.0,1
6s362rb1.60.29,516,516,516.0,1
139442p0.60.26,79,79,79.0,1
6s391rb379.60.56,1329,1329,1329.0,1
6s372rb26.60.48,319,319,319.0,1
6s164.60.51,19,19,19.0,1
6s277rb292.60.35,1637,1637,1637.0,1
139464p0.60.41,6677,6677,6677.0,1
6s43.60.58,3064,3064,3064.0,1
139442p0.60.54,79,79,79.0,1
139442p0.60.15,78,78,78.0,1
6s43.60.18,2726,2726,2726.0,1
6s421rb083.60.28,2728,2728,2728.0,1
139453p0.60.19,1049,1049,1049.0,1
6s325rb072.60.50,1174,1174,1174.0,1
139452p0.60.39,265,265,265.0,1
139463p0.60.44,1526,1526,1526.0,1
6s277rb292.60.22,2304,2304,2304.0,1
139443p0.60.0,280,280,280.0,1
139464p0.60.16,6073,6073,6073.0,1
6s325rb072.60.24,1002,1002,1002.0,1
139463p0.60.32,1588,1588,1588.0,1
139453p0.60.45,1427,1427,1427.0,1
6s372rb26.60.41,322,322,322.0,1
6s391rb379.60.41,1266,1266,1266.0,1
6s317b14.60.25,9721,9721,9721.0,1
139453p0.60.23,1289,1289,1289.0,1
6s275rb318.60.36,1863,1863,1863.0,1
139452p0.60.3,265,265,265.0,1
6s325rb072.60.46,1295,1295,1295.0,1
6s277rb292.60.1,2274,2274,2274.0,1
139443p0.60.14,254,254,254.0,1
6s209b0.60.25,3762,3762,3762.0,1
139453p0.60.51,1310,1310,1310.0,1
139463p0.60.28,1598,1598,1598.0,1
6s325rb072.60.18,1510,1510,1510.0,1
6s372rb26.60.37,293,293,293.0,1
6s391rb379.60.17,1089,1089,1089.0,1
6s391rb379.60.37,1292,1292,1292.0,1
6s372rb26.60.9,316,316,316.0,1
6s164.60.45,19,19,19.0,1
6s194.60.50,1277,1277,1277.0,1
6s164.60.10,18,18,18.0,1
139454p0.60.26,1394,1394,1394.0,1
139464p0.60.37,4358,4358,4358.0,1
6s43.60.57,2908,2908,2908.0,1
6s326rb08.60.41,5648,5648,5648.0,1
6s421rb083.60.32,3056,3056,3056.0,1
6s43.60.24,3199,3199,3199.0,1
139453p0.60.25,1221,1221,1221.0,1
6s164.60.36,19,19,19.0,1
6s159.60.11,21,21,21.0,1
139443p0.60.16,269,269,269.0,1
6s209b0.60.23,3651,3651,3651.0,1
139453p0.60.53,1319,1319,1319.0,1
139464p0.60.0,5125,5125,5125.0,1
139462p0.60.2,1433,1433,1433.0,1
139442p0.60.31,78,78,78.0,1
6s391rb379.60.15,1247,1247,1247.0,1
6s326rb08.60.49,4542,4542,4542.0,1
139444p0.60.50,475,475,475.0,1
139453p0.60.9,1401,1401,1401.0,1
139454p0.60.56,1485,1485,1485.0,1
6s194.60.52,1283,1283,1283.0,1
139444p0.60.12,519,519,519.0,1
6s277rb292.60.27,2266,2266,2266.0,1
139454p0.60.24,1400,1400,1400.0,1
6s194.60.26,1145,1145,1145.0,1
139463p0.60.20,1190,1190,1190.0,1
6s317b14.60.47,10062,10062,10062.0,1
6s421rb083.60.34,3021,3021,3021.0,1
6s362rb1.60.59,498,498,498.0,1
6s43.60.26,3447,3447,3447.0,1
139444p0.60.11,450,450,450.0,1
6s164.60.53,19,19,19.0,1
139464p0.60.43,6710,6710,6710.0,1
6s277rb292.60.33,1626,1626,1626.0,1
139454p0.60.18,1079,1079,1079.0,1
139463p0.60.21,1177,1177,1177.0,1
6s317b14.60.4,9520,9520,9520.0,1
139442p0.60.17,78,78,78.0,1
6s362rb1.60.56,533,533,533.0,1
139463p0.60.42,1478,1478,1478.0,1
6s325rb072.60.52,1298,1298,1298.0,1
6s275rb318.60.44,2422,2422,2422.0,1
6s209b0.60.19,4061,4061,4061.0,1
139463p0.60.34,1015,1015,1015.0,1
6s325rb072.60.26,1373,1373,1373.0,1
139464p0.60.14,6063,6063,6063.0,1
6s372rb26.60.43,314,314,314.0,1
139462p0.60.30,1449,1449,1449.0,1
139442p0.60.29,78,78,78.0,1
6s326rb08.60.48,5938,5938,5938.0,1
139444p0.60.46,471,471,471.0,1
6s317b14.60.23,9434,9434,9434.0,1
139454p0.60.59,1,1385,693.0,2
6s391rb379.60.43,1019,1019,1019.0,1
6s362rb1.60.48,499,499,499.0,1
6s317b14.60.58,9672,9672,9672.0,1
139463p0.60.13,1506,1506,1506.0,1
6s164.60.7,19,19,19.0,1
139454p0.60.0,1425,1425,1425.0,1
139464p0.60.35,6713,6713,6713.0,1
6s421rb083.60.47,3017,3017,3017.0,1
6s391rb379.60.35,1032,1032,1032.0,1
139442p0.60.39,78,78,78.0,1
6s277rb292.60.41,1594,1594,1594.0,1
139462p0.60.40,1486,1486,1486.0,1
139444p0.60.54,459,459,459.0,1
6s362rb1.60.26,500,500,500.0,1
6s209b0.60.8,3083,3083,3083.0,1
139464p0.60.24,6495,6495,6495.0,1
6s164.60.32,17,17,17.0,1
6s325rb072.60.8,1107,1107,1107.0,1
6s275rb318.60.34,2091,2091,2091.0,1
6s159.60.22,21,21,21.0,1
6s421rb083.60.4,3183,3183,3183.0,1
6s277rb292.60.37,1624,1624,1624.0,1
139442p0.60.3,79,79,79.0,1
139462p0.60.38,968,968,968.0,1
139444p0.60.6,472,472,472.0,1
139443p0.60.26,268,268,268.0,1
6s209b0.60.15,4051,4051,4051.0,1
139464p0.60.18,6071,6071,6071.0,1
139453p0.60.7,1459,1459,1459.0,1
6s164.60.28,19,19,19.0,1
139444p0.60.35,472,472,472.0,1
6s159.60.1,21,21,21.0,1
6s362rb1.60.49,514,514,514.0,1
6s43.60.16,2905,2905,2905.0,1
6s421rb083.60.44,3161,3161,3161.0,1
6s317b14.60.57,9791,9791,9791.0,1
139442p0.60.52,74,74,74.0,1
6s326rb08.60.35,4398,4398,4398.0,1
139463p0.60.10,1494,1494,1494.0,1
139444p0.60.22,511,511,511.0,1
6s194.60.8,1326,1326,1326.0,1
139454p0.60.14,1371,1371,1371.0,1
6s391rb379.60.27,1156,1156,1156.0,1
6s325rb072.60.0,1135,1135,1135.0,1
139444p0.60.8,456,456,456.0,1
139443p0.60.24,269,269,269.0,1
6s209b0.60.17,4091,4091,4091.0,1
6s326rb08.60.58,4952,4952,4952.0,1
139463p0.60.36,1145,1145,1145.0,1
6s275rb318.60.28,1710,1710,1710.0,1
6s325rb072.60.54,1088,1088,1088.0,1
139452p0.60.31,251,251,251.0,1
6s277rb292.60.11,2187,2187,2187.0,1
6s43.60.14,2928,2928,2928.0,1
6s421rb083.60.42,2659,2659,2659.0,1
139442p0.60.50,78,78,78.0,1
6s326rb08.60.33,7477,7477,7477.0,1
6s43.60.47,4277,4277,4277.0,1
6s164.60.20,18,18,18.0,1
6s194.60.6,1350,1350,1350.0,1
139454p0.60.16,961,961,961.0,1
6s421rb083.60.36,3160,3160,3160.0,1
6s43.60.0,2980,2980,2980.0,1
139442p0.60.46,73,73,73.0,1
6s326rb08.60.27,4567,4567,4567.0,1
6s43.60.4,2947,2947,2947.0,1
6s194.60.54,1294,1294,1294.0,1
6s164.60.21,18,18,18.0,1
139464p0.60.33,6711,6711,6711.0,1
6s317b14.60.17,9950,9950,9950.0,1
6s391rb379.60.33,1069,1069,1069.0,1
6s325rb072.60.14,1432,1432,1432.0,1
6s277rb292.60.43,1952,1952,1952.0,1
6s362rb1.60.24,520,520,520.0,1
6s317b14.60.27,9752,9752,9752.0,1
139443p0.60.18,273,273,273.0,1
6s326rb08.60.57,4459,4459,4459.0,1
139453p0.60.55,1328,1328,1328.0,1
139464p0.60.26,6528,6528,6528.0,1
6s209b0.60.6,3095,3095,3095.0,1
6s275rb318.60.32,2277,2277,2277.0,1
139452p0.60.29,266,266,266.0,1
6s325rb072.60.6,1117,1117,1117.0,1
139444p0.60.27,560,560,560.0,1
6s164.60.34,18,18,18.0,1
6s277rb292.60.12,1995,1995,1995.0,1
6s43.60.31,3841,3841,3841.0,1
6s326rb08.60.22,5156,5156,5156.0,1
6s372rb26.60.25,309,309,309.0,1
6s421rb083.60.58,3028,3028,3028.0,1
6s421rb083.60.13,3214,3214,3214.0,1
139464p0.60.56,6103,6103,6103.0,1
6s159.60.46,20,20,20.0,1
139443p0.60.53,285,285,285.0,1
6s4.60.18,63,63,63.0,1
6s194.60.3,1165,1165,1165.0,1
6s209b0.60.51,4425,4425,4425.0,1
6s391rb379.60.48,1234,1234,1234.0,1
6s372rb26.60.56,321,321,321.0,1
6s391rb379.60.1,1201,1201,1201.0,1
6s372rb26.60.30,313,313,313.0,1
6s362rb1.60.39,502,502,502.0,1
139454p0.60.50,1513,1513,1513.0,1
6s275rb318.60.55,2482,2482,2482.0,1
139452p0.60.6,272,272,272.0,1
139453p0.60.40,1023,1023,1023.0,1
6s275rb318.60.10,2068,2068,2068.0,1
6s325rb072.60.39,1071,1071,1071.0,1
6s362rb1.60.14,516,516,516.0,1
6s391rb379.60.49,1459,1459,1459.0,1
6s372rb26.60.59,329,329,329.0,1
139462p0.60.25,1380,1380,1380.0,1
6s391rb379.60.22,1040,1040,1040.0,1
6s372rb26.60.2,313,313,313.0,1
6s362rb1.60.3,500,500,500.0,1
139443p0.60.39,250,250,250.0,1
139454p0.60.46,1517,1517,1517.0,1
6s275rb318.60.5,2054,2054,2054.0,1
139452p0.60.54,251,251,251.0,1
139453p0.60.38,1015,1015,1015.0,1
6s275rb318.60.13,1628,1628,1628.0,1
6s325rb072.60.3,1117,1117,1117.0,1
6s362rb1.60.0,529,529,529.0,1
6s159.60.43,20,20,20.0,1
6s43.60.29,3756,3756,3756.0,1
6s326rb08.60.1,4014,4014,4014.0,1
6s317b14.60.34,10266,10266,10266.0,1
6s421rb083.60.10,3117,3117,3117.0,1
6s421rb083.60.57,2955,2955,2955.0,1
139464p0.60.59,4423,4423,4423.0,1
6s159.60.50,20,20,20.0,1
6s4.60.24,63,63,63.0,1
6s194.60.39,886,886,886.0,1
139462p0.60.8,991,991,991.0,1
6s209b0.60.45,3256,3256,3256.0,1
6s277rb292.60.49,1955,1955,1955.0,1
139462p0.60.45,1480,1480,1480.0,1
139462p0.60.23,1379,1379,1379.0,1
139452p0.60.20,255,255,255.0,1
6s275rb318.60.7,2071,2071,2071.0,1
139463p0.60.58,1187,1187,1187.0,1
6s209b0.60.38,2992,2992,2992.0,1
6s159.60.41,20,20,20.0,1
6s194.60.12,1268,1268,1268.0,1
6s317b14.60.32,8908,8908,8908.0,1
6s372rb26.60.19,313,313,313.0,1
139454p0.60.39,1476,1476,1476.0,1
139453p0.60.10,1438,1438,1438.0,1
6s159.60.52,20,20,20.0,1
139462p0.60.6,1361,1361,1361.0,1
6s4.60.26,63,63,63.0,1
6s194.60.11,1274,1274,1274.0,1
6s317b14.60.28,9851,9851,9851.0,1
6s372rb26.60.23,313,313,313.0,1
139454p0.60.3,1472,1472,1472.0,1
139453p0.60.13,1400,1400,1400.0,1
6s209b0.60.53,4424,4424,4424.0,1
6s277rb292.60.48,1942,1942,1942.0,1
139462p0.60.19,1387,1387,1387.0,1
139452p0.60.21,255,255,255.0,1
139464p0.60.9,4923,4923,4923.0,1
139454p0.60.52,1518,1518,1518.0,1
139463p0.60.57,1544,1544,1544.0,1
139452p0.60.8,293,293,293.0,1
6s4.60.29,63,63,63.0,1
6s159.60.37,20,20,20.0,1
6s209b0.60.40,4350,4350,4350.0,1
6s362rb1.60.16,517,517,517.0,1
