Instance,Time,Timeout
139442p0.60.1,79,False
139442p0.60.10,78,False
139442p0.60.11,78,False
139442p0.60.12,79,False
139442p0.60.13,74,False
139442p0.60.18,78,False
139442p0.60.22,78,False
139442p0.60.24,73,False
139442p0.60.25,78,False
139442p0.60.27,79,False
139442p0.60.29,78,False
139442p0.60.31,78,False
139442p0.60.33,78,False
139442p0.60.34,78,False
139442p0.60.36,78,False
139442p0.60.37,1,False
139442p0.60.38,78,False
139442p0.60.4,78,False
139442p0.60.40,74,False
139442p0.60.42,79,False
139442p0.60.43,79,False
139442p0.60.45,78,False
139442p0.60.47,75,False
139442p0.60.5,79,False
139442p0.60.51,78,False
139442p0.60.52,74,False
139442p0.60.54,79,False
139442p0.60.55,78,False
139442p0.60.57,78,False
139442p0.60.58,75,False
139442p0.60.7,79,False
139443p0.60.0,280,False
139443p0.60.1,273,False
139443p0.60.10,1,False
139443p0.60.11,272,False
139443p0.60.12,276,False
139443p0.60.13,1,False
139443p0.60.14,254,False
139443p0.60.16,269,False
139443p0.60.18,273,False
139443p0.60.19,1,False
139443p0.60.21,1,False
139443p0.60.22,252,False
139443p0.60.23,1,False
139443p0.60.24,269,False
139443p0.60.26,268,False
139443p0.60.27,269,False
139443p0.60.29,264,False
139443p0.60.3,254,False
139443p0.60.31,264,False
139443p0.60.32,1,False
139443p0.60.33,255,False
139443p0.60.35,265,False
139443p0.60.36,1,False
139443p0.60.37,265,False
139443p0.60.39,250,False
139443p0.60.40,1,False
139443p0.60.41,267,False
139443p0.60.43,266,False
139443p0.60.45,250,False
139443p0.60.46,254,False
139443p0.60.48,1,False
139443p0.60.49,1,False
139443p0.60.5,277,False
139443p0.60.50,250,False
139443p0.60.51,289,False
139443p0.60.52,284,False
139443p0.60.53,285,False
139443p0.60.54,279,False
139443p0.60.55,280,False
139443p0.60.6,251,False
139443p0.60.7,288,False
139443p0.60.8,286,False
139444p0.60.1,498,False
139444p0.60.10,522,False
139444p0.60.11,450,False
139444p0.60.12,519,False
139444p0.60.13,449,False
139444p0.60.20,507,False
139444p0.60.21,506,False
139444p0.60.22,511,False
139444p0.60.27,560,False
139444p0.60.28,560,False
139444p0.60.29,1,False
139444p0.60.3,472,False
139444p0.60.32,493,False
139444p0.60.33,489,False
139444p0.60.34,446,False
139444p0.60.35,472,False
139444p0.60.36,447,False
139444p0.60.38,479,False
139444p0.60.39,472,False
139444p0.60.40,472,False
139444p0.60.41,2,False
139444p0.60.43,1,False
139444p0.60.45,472,False
139444p0.60.46,471,False
139444p0.60.5,476,False
139444p0.60.50,475,False
139444p0.60.51,462,False
139444p0.60.52,457,False
139444p0.60.53,460,False
139444p0.60.54,459,False
139444p0.60.55,459,False
139444p0.60.56,1,False
139444p0.60.58,1,False
139444p0.60.59,1,False
139444p0.60.6,472,False
139444p0.60.7,455,False
139444p0.60.8,456,False
139452p0.60.1,251,False
139452p0.60.10,254,False
139452p0.60.11,269,False
139452p0.60.12,250,False
139452p0.60.13,256,False
139452p0.60.17,1,False
139452p0.60.18,1,False
139452p0.60.2,265,False
139452p0.60.20,255,False
139452p0.60.21,255,False
139452p0.60.22,255,False
139452p0.60.29,266,False
139452p0.60.3,265,False
139452p0.60.30,264,False
139452p0.60.31,251,False
139452p0.60.34,1,False
139452p0.60.38,265,False
139452p0.60.39,265,False
139452p0.60.40,265,False
139452p0.60.45,253,False
139452p0.60.46,255,False
139452p0.60.5,252,False
139452p0.60.50,259,False
139452p0.60.51,259,False
139452p0.60.52,257,False
139452p0.60.53,259,False
139452p0.60.54,251,False
139452p0.60.55,259,False
139452p0.60.6,272,False
139452p0.60.7,275,False
139452p0.60.8,293,False
139453p0.60.10,1438,False
139453p0.60.11,895,False
139453p0.60.12,1425,False
139453p0.60.13,1400,False
139453p0.60.19,1049,False
139453p0.60.2,1299,False
139453p0.60.21,1,False
139453p0.60.22,1,False
139453p0.60.23,1289,False
139453p0.60.24,1216,False
139453p0.60.25,1221,False
139453p0.60.26,921,False
139453p0.60.29,1322,False
139453p0.60.3,1021,False
139453p0.60.30,1339,False
139453p0.60.31,1339,False
139453p0.60.38,1015,False
139453p0.60.39,1030,False
139453p0.60.40,1023,False
139453p0.60.45,1427,False
139453p0.60.46,1397,False
139453p0.60.5,1453,False
139453p0.60.50,1337,False
139453p0.60.51,1310,False
139453p0.60.52,1316,False
139453p0.60.53,1319,False
139453p0.60.54,1318,False
139453p0.60.55,1328,False
139453p0.60.6,1458,False
139453p0.60.7,1459,False
139453p0.60.8,1442,False
139453p0.60.9,1401,False
139454p0.60.0,1425,False
139454p0.60.11,1,False
139454p0.60.14,1371,False
139454p0.60.15,958,False
139454p0.60.16,961,False
139454p0.60.17,1084,False
139454p0.60.18,1079,False
139454p0.60.19,1080,False
139454p0.60.2,1386,False
139454p0.60.23,1405,False
139454p0.60.24,1400,False
139454p0.60.25,1374,False
139454p0.60.26,1394,False
139454p0.60.29,1389,False
139454p0.60.3,1472,False
139454p0.60.30,1377,False
139454p0.60.31,1373,False
139454p0.60.38,1478,False
139454p0.60.39,1476,False
139454p0.60.40,1476,False
139454p0.60.45,1458,False
139454p0.60.46,1517,False
139454p0.60.5,1063,False
139454p0.60.50,1513,False
139454p0.60.51,1511,False
139454p0.60.52,1518,False
139454p0.60.53,1508,False
139454p0.60.54,1471,False
139454p0.60.55,1472,False
139454p0.60.57,1,False
139454p0.60.58,1,False
139454p0.60.59,1,False
139454p0.60.6,1070,False
139454p0.60.7,1054,False
139454p0.60.8,1080,False
139462p0.60.10,956,False
139462p0.60.11,1367,False
139462p0.60.12,1417,False
139462p0.60.13,1379,False
139462p0.60.18,1402,False
139462p0.60.19,1387,False
139462p0.60.20,1,False
139462p0.60.23,1379,False
139462p0.60.24,1369,False
139462p0.60.25,1380,False
139462p0.60.26,1361,False
139462p0.60.27,1235,False
139462p0.60.28,1447,False
139462p0.60.3,1485,False
139462p0.60.32,1425,False
139462p0.60.33,1437,False
139462p0.60.34,1444,False
139462p0.60.35,1453,False
139462p0.60.38,968,False
139462p0.60.39,1466,False
139462p0.60.4,1058,False
139462p0.60.40,1486,False
139462p0.60.45,1480,False
139462p0.60.47,1464,False
139462p0.60.48,1476,False
139462p0.60.49,1460,False
139462p0.60.5,1364,False
139462p0.60.54,1034,False
139462p0.60.55,1009,False
139462p0.60.56,1,False
139462p0.60.6,1361,False
139462p0.60.7,1357,False
139462p0.60.8,991,False
139463p0.60.10,1494,False
139463p0.60.11,1485,False
139463p0.60.12,1517,False
139463p0.60.13,1506,False
139463p0.60.18,1499,False
139463p0.60.19,1506,False
139463p0.60.2,1601,False
139463p0.60.23,1085,False
139463p0.60.24,1090,False
139463p0.60.25,1593,False
139463p0.60.26,1595,False
139463p0.60.29,1607,False
139463p0.60.3,1,False
139463p0.60.30,1595,False
139463p0.60.31,1589,False
139463p0.60.36,1145,False
139463p0.60.37,1015,False
139463p0.60.4,1121,False
139463p0.60.41,1472,False
139463p0.60.42,1478,False
139463p0.60.43,1478,False
139463p0.60.44,1526,False
139463p0.60.47,1553,False
139463p0.60.48,1563,False
139463p0.60.49,1446,False
139463p0.60.51,1,False
139463p0.60.56,1566,False
139463p0.60.57,1544,False
139463p0.60.58,1187,False
139463p0.60.59,1166,False
139463p0.60.9,1017,False
139464p0.60.0,5125,False
139464p0.60.14,6063,False
139464p0.60.15,6079,False
139464p0.60.16,6073,False
139464p0.60.17,6047,False
139464p0.60.18,6071,False
139464p0.60.19,6071,False
139464p0.60.23,6490,False
139464p0.60.24,6495,False
139464p0.60.25,6508,False
139464p0.60.26,6528,False
139464p0.60.27,6500,False
139464p0.60.28,6512,False
139464p0.60.32,6696,False
139464p0.60.33,6711,False
139464p0.60.34,6718,False
139464p0.60.35,6713,False
139464p0.60.36,6727,False
139464p0.60.37,4358,False
139464p0.60.4,5081,False
139464p0.60.41,6677,False
139464p0.60.42,6705,False
139464p0.60.43,6710,False
139464p0.60.44,6701,False
139464p0.60.47,5093,False
139464p0.60.48,5129,False
139464p0.60.49,5108,False
139464p0.60.56,6103,False
139464p0.60.57,3506,False
139464p0.60.58,4596,False
139464p0.60.59,4423,False
139464p0.60.9,4923,False
6s0.60.0,86400,True
6s0.60.1,86400,True
6s0.60.10,86400,True
6s0.60.11,86400,True
6s0.60.12,86400,True
6s0.60.13,86400,True
6s0.60.14,86400,True
6s0.60.15,86400,True
6s0.60.16,86400,True
6s0.60.17,86400,True
6s0.60.18,86400,True
6s0.60.19,86400,True
6s0.60.2,86400,True
6s0.60.20,86400,True
6s0.60.21,86400,True
6s0.60.22,86400,True
6s0.60.23,86400,True
6s0.60.24,86400,True
6s0.60.25,86400,True
6s0.60.26,86400,True
6s0.60.27,86400,True
6s0.60.28,86400,True
6s0.60.29,86400,True
6s0.60.3,86400,True
6s0.60.30,86400,True
6s0.60.31,86400,True
6s0.60.32,86400,True
6s0.60.33,86400,True
6s0.60.34,86400,True
6s0.60.35,86400,True
6s0.60.36,86400,True
6s0.60.37,86400,True
6s0.60.38,86400,True
6s0.60.39,86400,True
6s0.60.4,86400,True
6s0.60.40,86400,True
6s0.60.41,86400,True
6s0.60.42,86400,True
6s0.60.43,86400,True
6s0.60.44,86400,True
6s0.60.45,86400,True
6s0.60.46,86400,True
6s0.60.47,86400,True
6s0.60.48,86400,True
6s0.60.49,86400,True
6s0.60.5,86400,True
6s0.60.50,86400,True
6s0.60.51,86400,True
6s0.60.52,86400,True
6s0.60.53,86400,True
6s0.60.54,86400,True
6s0.60.55,86400,True
6s0.60.56,86400,True
6s0.60.57,86400,True
6s0.60.58,86400,True
6s0.60.59,86400,True
6s0.60.6,86400,True
6s0.60.7,86400,True
6s0.60.8,86400,True
6s0.60.9,86400,True
6s109.60.0,86400,True
6s109.60.1,86400,True
6s109.60.10,86400,True
6s109.60.11,86400,True
6s109.60.12,86400,True
6s109.60.13,86400,True
6s109.60.14,86400,True
6s109.60.15,86400,True
6s109.60.16,86400,True
6s109.60.17,86400,True
6s109.60.18,86400,True
6s109.60.19,86400,True
6s109.60.2,86400,True
6s109.60.20,86400,True
6s109.60.21,86400,True
6s109.60.22,86400,True
6s109.60.23,86400,True
6s109.60.24,86400,True
6s109.60.25,86400,True
6s109.60.26,86400,True
6s109.60.27,86400,True
6s109.60.28,86400,True
6s109.60.29,86400,True
6s109.60.3,86400,True
6s109.60.30,86400,True
6s109.60.31,86400,True
6s109.60.32,86400,True
6s109.60.33,86400,True
6s109.60.34,86400,True
6s109.60.35,86400,True
6s109.60.36,86400,True
6s109.60.37,86400,True
6s109.60.38,86400,True
6s109.60.39,86400,True
6s109.60.4,86400,True
6s109.60.40,86400,True
6s109.60.41,86400,True
6s109.60.42,86400,True
6s109.60.43,86400,True
6s109.60.44,86400,True
6s109.60.45,86400,True
6s109.60.46,86400,True
6s109.60.47,86400,True
6s109.60.48,86400,True
6s109.60.49,86400,True
6s109.60.5,86400,True
6s109.60.50,86400,True
6s109.60.51,86400,True
6s109.60.52,86400,True
6s109.60.53,86400,True
6s109.60.54,86400,True
6s109.60.55,86400,True
6s109.60.56,86400,True
6s109.60.57,86400,True
6s109.60.58,86400,True
6s109.60.59,86400,True
6s109.60.6,86400,True
6s109.60.7,86400,True
6s109.60.8,86400,True
6s109.60.9,86400,True
6s159.60.1,21,False
6s159.60.10,21,False
6s159.60.11,21,False
6s159.60.12,21,False
6s159.60.13,20,False
6s159.60.20,21,False
6s159.60.21,21,False
6s159.60.22,21,False
6s159.60.27,20,False
6s159.60.28,21,False
6s159.60.3,1,False
6s159.60.32,21,False
6s159.60.33,20,False
6s159.60.34,20,False
6s159.60.35,20,False
6s159.60.36,20,False
6s159.60.37,20,False
6s159.60.4,1,False
6s159.60.40,1,False
6s159.60.41,20,False
6s159.60.42,20,False
6s159.60.43,20,False
6s159.60.44,20,False
6s159.60.45,20,False
6s159.60.46,20,False
6s159.60.5,20,False
6s159.60.50,20,False
6s159.60.51,20,False
6s159.60.52,20,False
6s159.60.53,20,False
6s159.60.54,21,False
6s159.60.55,20,False
6s159.60.6,20,False
6s159.60.7,20,False
6s159.60.8,20,False
6s164.60.1,18,False
6s164.60.10,18,False
6s164.60.11,18,False
6s164.60.12,18,False
6s164.60.13,18,False
6s164.60.14,1,False
6s164.60.20,18,False
6s164.60.21,18,False
6s164.60.22,18,False
6s164.60.27,19,False
6s164.60.28,19,False
6s164.60.3,19,False
6s164.60.32,17,False
6s164.60.33,17,False
6s164.60.34,18,False
6s164.60.35,17,False
6s164.60.36,19,False
6s164.60.38,19,False
6s164.60.39,19,False
6s164.60.40,21,False
6s164.60.45,19,False
6s164.60.46,19,False
6s164.60.48,1,False
6s164.60.5,19,False
6s164.60.50,19,False
6s164.60.51,19,False
6s164.60.52,19,False
6s164.60.53,19,False
6s164.60.54,19,False
6s164.60.55,19,False
6s164.60.57,1,False
6s164.60.6,19,False
6s164.60.7,19,False
6s164.60.8,19,False
6s173.60.0,86400,True
6s173.60.1,86400,True
6s173.60.10,86400,True
6s173.60.11,86400,True
6s173.60.12,86400,True
6s173.60.13,86400,True
6s173.60.14,86400,True
6s173.60.15,86400,True
6s173.60.16,86400,True
6s173.60.17,86400,True
6s173.60.18,86400,True
6s173.60.19,86400,True
6s173.60.2,86400,True
6s173.60.20,86400,True
6s173.60.21,86400,True
6s173.60.22,86400,True
6s173.60.23,86400,True
6s173.60.24,86400,True
6s173.60.25,86400,True
6s173.60.26,86400,True
6s173.60.27,86400,True
6s173.60.28,86400,True
6s173.60.29,86400,True
6s173.60.3,86400,True
6s173.60.30,86400,True
6s173.60.31,86400,True
6s173.60.32,86400,True
6s173.60.33,86400,True
6s173.60.34,86400,True
6s173.60.35,86400,True
6s173.60.36,86400,True
6s173.60.37,86400,True
6s173.60.38,86400,True
6s173.60.39,86400,True
6s173.60.4,86400,True
6s173.60.40,86400,True
6s173.60.41,86400,True
6s173.60.42,86400,True
6s173.60.43,86400,True
6s173.60.44,86400,True
6s173.60.45,86400,True
6s173.60.46,86400,True
6s173.60.47,86400,True
6s173.60.48,86400,True
6s173.60.49,86400,True
6s173.60.5,86400,True
6s173.60.50,86400,True
6s173.60.51,86400,True
6s173.60.52,86400,True
6s173.60.53,86400,True
6s173.60.54,86400,True
6s173.60.55,86400,True
6s173.60.56,86400,True
6s173.60.57,86400,True
6s173.60.58,86400,True
6s173.60.59,86400,True
6s173.60.6,86400,True
6s173.60.7,86400,True
6s173.60.8,86400,True
6s173.60.9,86400,True
6s194.60.10,1285,False
6s194.60.11,1274,False
6s194.60.12,1268,False
6s194.60.13,1256,False
6s194.60.19,1343,False
6s194.60.2,1130,False
6s194.60.23,1343,False
6s194.60.24,1344,False
6s194.60.25,1143,False
6s194.60.26,1145,False
6s194.60.29,1135,False
6s194.60.3,1165,False
6s194.60.30,1172,False
6s194.60.31,1154,False
6s194.60.38,987,False
6s194.60.39,886,False
6s194.60.40,1198,False
6s194.60.44,1,False
6s194.60.45,885,False
6s194.60.46,912,False
6s194.60.47,1,False
6s194.60.5,1331,False
6s194.60.50,1277,False
6s194.60.51,1294,False
6s194.60.52,1283,False
6s194.60.53,1288,False
6s194.60.54,1294,False
6s194.60.55,1285,False
6s194.60.6,1350,False
6s194.60.7,1336,False
6s194.60.8,1326,False
6s194.60.9,1336,False
6s209b0.60.10,3797,False
6s209b0.60.11,1,False
6s209b0.60.13,3800,False
6s209b0.60.15,4051,False
6s209b0.60.17,4091,False
6s209b0.60.19,4061,False
6s209b0.60.2,3165,False
6s209b0.60.20,3814,False
6s209b0.60.21,3874,False
6s209b0.60.23,3651,False
6s209b0.60.25,3762,False
6s209b0.60.28,3667,False
6s209b0.60.30,4275,False
6s209b0.60.32,3096,False
6s209b0.60.33,1,False
6s209b0.60.34,3090,False
6s209b0.60.36,3296,False
6s209b0.60.38,2992,False
6s209b0.60.4,4417,False
6s209b0.60.40,4350,False
6s209b0.60.42,4313,False
6s209b0.60.44,4327,False
6s209b0.60.45,3256,False
6s209b0.60.47,4421,False
6s209b0.60.5,3004,False
6s209b0.60.51,4425,False
6s209b0.60.52,1,False
6s209b0.60.53,4424,False
6s209b0.60.55,4270,False
6s209b0.60.56,4351,False
6s209b0.60.58,1,False
6s209b0.60.59,3203,False
6s209b0.60.7,3090,False
6s275rb318.60.0,2064,False
6s275rb318.60.1,2216,False
6s275rb318.60.10,2068,False
6s275rb318.60.13,1628,False
6s275rb318.60.14,1892,False
6s275rb318.60.16,1893,False
6s275rb318.60.19,2264,False
6s275rb318.60.2,2276,False
6s275rb318.60.22,2003,False
6s275rb318.60.23,1967,False
6s275rb318.60.25,1983,False
6s275rb318.60.27,1727,False
6s275rb318.60.3,1678,False
6s275rb318.60.30,2284,False
6s275rb318.60.33,2272,False
6s275rb318.60.35,2119,False
6s275rb318.60.36,1863,False
6s275rb318.60.38,1,False
6s275rb318.60.39,1988,False
6s275rb318.60.4,2012,False
6s275rb318.60.40,1,False
6s275rb318.60.42,2416,False
6s275rb318.60.43,1,False
6s275rb318.60.44,2422,False
6s275rb318.60.45,2422,False
6s275rb318.60.46,2416,False
6s275rb318.60.47,2415,False
6s275rb318.60.5,2054,False
6s275rb318.60.50,1959,False
6s275rb318.60.52,2492,False
6s275rb318.60.55,2482,False
6s275rb318.60.56,2484,False
6s275rb318.60.59,1963,False
6s275rb318.60.7,2071,False
6s275rb318.60.9,1,False
6s277rb292.60.0,2274,False
6s277rb292.60.1,2274,False
6s277rb292.60.10,2266,False
6s277rb292.60.13,1967,False
6s277rb292.60.14,1997,False
6s277rb292.60.16,1970,False
6s277rb292.60.19,2279,False
6s277rb292.60.2,2273,False
6s277rb292.60.22,2304,False
6s277rb292.60.23,2271,False
6s277rb292.60.25,1892,False
6s277rb292.60.27,2266,False
6s277rb292.60.30,2267,False
6s277rb292.60.33,1626,False
6s277rb292.60.35,1637,False
6s277rb292.60.36,1792,False
6s277rb292.60.37,1624,False
6s277rb292.60.4,2021,False
6s277rb292.60.40,1,False
6s277rb292.60.41,1594,False
6s277rb292.60.42,1924,False
6s277rb292.60.43,1952,False
6s277rb292.60.44,1941,False
6s277rb292.60.47,1956,False
6s277rb292.60.48,1942,False
6s277rb292.60.49,1955,False
6s277rb292.60.56,2185,False
6s277rb292.60.57,2181,False
6s277rb292.60.58,2181,False
6s277rb292.60.59,2093,False
6s277rb292.60.9,1654,False
6s317b14.60.0,9202,False
6s317b14.60.12,1,False
6s317b14.60.14,8438,False
6s317b14.60.15,9708,False
6s317b14.60.16,9312,False
6s317b14.60.17,9950,False
6s317b14.60.18,10011,False
6s317b14.60.19,9916,False
6s317b14.60.20,1,False
6s317b14.60.23,9434,False
6s317b14.60.24,9792,False
6s317b14.60.25,9721,False
6s317b14.60.26,9807,False
6s317b14.60.27,9752,False
6s317b14.60.28,9851,False
6s317b14.60.3,1,False
6s317b14.60.32,8908,False
6s317b14.60.33,8317,False
6s317b14.60.34,10266,False
6s317b14.60.35,10162,False
6s317b14.60.36,10208,False
6s317b14.60.37,10316,False
6s317b14.60.4,9520,False
6s317b14.60.41,9313,False
6s317b14.60.42,10961,False
6s317b14.60.43,9171,False
6s317b14.60.44,9176,False
6s317b14.60.45,1,False
6s317b14.60.47,10062,False
6s317b14.60.48,9093,False
6s317b14.60.49,9738,False
6s317b14.60.54,1,False
6s317b14.60.55,1,False
6s317b14.60.56,9696,False
6s317b14.60.57,9791,False
6s317b14.60.58,9672,False
6s317b14.60.59,10385,False
6s317b14.60.6,1,False
6s317b14.60.9,9355,False
6s325rb072.60.0,1135,False
6s325rb072.60.1,1518,False
6s325rb072.60.14,1432,False
6s325rb072.60.15,1509,False
6s325rb072.60.16,1519,False
6s325rb072.60.17,1525,False
6s325rb072.60.18,1510,False
6s325rb072.60.20,1468,False
6s325rb072.60.21,1467,False
6s325rb072.60.22,1455,False
6s325rb072.60.27,1354,False
6s325rb072.60.28,1386,False
6s325rb072.60.3,1117,False
6s325rb072.60.32,1263,False
6s325rb072.60.33,1454,False
6s325rb072.60.34,1413,False
6s325rb072.60.35,1700,False
6s325rb072.60.38,1494,False
6s325rb072.60.39,1071,False
6s325rb072.60.4,1235,False
6s325rb072.60.40,1127,False
6s325rb072.60.47,1102,False
6s325rb072.60.48,1073,False
6s325rb072.60.49,1145,False
6s325rb072.60.5,1195,False
6s325rb072.60.54,1088,False
6s325rb072.60.55,1135,False
6s325rb072.60.59,1,False
6s325rb072.60.6,1117,False
6s325rb072.60.7,1224,False
6s325rb072.60.8,1107,False
6s325rb072.60.9,1,False
6s326rb08.60.0,5096,False
6s326rb08.60.1,4014,False
6s326rb08.60.10,1,False
6s326rb08.60.11,7653,False
6s326rb08.60.12,6159,False
6s326rb08.60.13,1,False
6s326rb08.60.14,5452,False
6s326rb08.60.16,6946,False
6s326rb08.60.18,3833,False
6s326rb08.60.19,1,False
6s326rb08.60.22,5156,False
6s326rb08.60.24,4895,False
6s326rb08.60.26,3806,False
6s326rb08.60.27,4567,False
6s326rb08.60.29,6268,False
6s326rb08.60.3,5378,False
6s326rb08.60.31,5710,False
6s326rb08.60.33,7477,False
6s326rb08.60.35,4398,False
6s326rb08.60.37,5955,False
6s326rb08.60.39,4482,False
6s326rb08.60.41,5648,False
6s326rb08.60.43,3787,False
6s326rb08.60.46,6437,False
6s326rb08.60.48,5938,False
6s326rb08.60.49,4542,False
6s326rb08.60.50,7789,False
6s326rb08.60.52,5136,False
6s326rb08.60.54,5869,False
6s326rb08.60.56,5685,False
6s326rb08.60.57,4459,False
6s326rb08.60.58,4952,False
6s326rb08.60.59,4581,False
6s326rb08.60.9,7924,False
6s362rb1.60.0,529,False
6s362rb1.60.1,520,False
6s362rb1.60.14,516,False
6s362rb1.60.15,517,False
6s362rb1.60.16,517,False
6s362rb1.60.17,519,False
6s362rb1.60.2,499,False
6s362rb1.60.20,499,False
6s362rb1.60.21,520,False
6s362rb1.60.22,516,False
6s362rb1.60.23,499,False
6s362rb1.60.24,520,False
6s362rb1.60.25,516,False
6s362rb1.60.26,500,False
6s362rb1.60.27,512,False
6s362rb1.60.28,520,False
6s362rb1.60.29,516,False
6s362rb1.60.3,500,False
6s362rb1.60.30,527,False
6s362rb1.60.31,517,False
6s362rb1.60.32,509,False
6s362rb1.60.33,527,False
6s362rb1.60.34,498,False
6s362rb1.60.35,499,False
6s362rb1.60.36,498,False
6s362rb1.60.37,515,False
6s362rb1.60.38,499,False
6s362rb1.60.39,502,False
6s362rb1.60.4,515,False
6s362rb1.60.40,517,False
6s362rb1.60.41,500,False
6s362rb1.60.42,500,False
6s362rb1.60.43,499,False
6s362rb1.60.44,516,False
6s362rb1.60.45,513,False
6s362rb1.60.46,499,False
6s362rb1.60.47,503,False
6s362rb1.60.48,499,False
6s362rb1.60.49,514,False
6s362rb1.60.5,515,False
6s362rb1.60.50,520,False
6s362rb1.60.51,506,False
6s362rb1.60.52,509,False
6s362rb1.60.53,508,False
6s362rb1.60.54,500,False
6s362rb1.60.55,512,False
6s362rb1.60.56,533,False
6s362rb1.60.57,533,False
6s362rb1.60.58,500,False
6s362rb1.60.59,498,False
6s362rb1.60.6,520,False
6s362rb1.60.7,514,False
6s362rb1.60.8,516,False
6s362rb1.60.9,506,False
6s372rb26.60.0,308,False
6s372rb26.60.1,319,False
6s372rb26.60.10,319,False
6s372rb26.60.11,296,False
6s372rb26.60.12,296,False
6s372rb26.60.13,313,False
6s372rb26.60.14,310,False
6s372rb26.60.15,309,False
6s372rb26.60.16,319,False
6s372rb26.60.17,298,False
6s372rb26.60.18,296,False
6s372rb26.60.19,313,False
6s372rb26.60.2,313,False
6s372rb26.60.20,297,False
6s372rb26.60.21,322,False
6s372rb26.60.22,296,False
6s372rb26.60.23,313,False
6s372rb26.60.24,312,False
6s372rb26.60.25,309,False
6s372rb26.60.26,308,False
6s372rb26.60.27,309,False
6s372rb26.60.28,315,False
6s372rb26.60.29,313,False
6s372rb26.60.3,320,False
6s372rb26.60.30,313,False
6s372rb26.60.31,297,False
6s372rb26.60.32,295,False
6s372rb26.60.33,314,False
6s372rb26.60.34,296,False
6s372rb26.60.35,318,False
6s372rb26.60.36,316,False
6s372rb26.60.37,293,False
6s372rb26.60.38,292,False
6s372rb26.60.39,302,False
6s372rb26.60.4,332,False
6s372rb26.60.40,319,False
6s372rb26.60.41,322,False
6s372rb26.60.42,320,False
6s372rb26.60.43,314,False
6s372rb26.60.44,313,False
6s372rb26.60.45,297,False
6s372rb26.60.46,296,False
6s372rb26.60.47,329,False
6s372rb26.60.48,319,False
6s372rb26.60.49,317,False
6s372rb26.60.5,329,False
6s372rb26.60.50,332,False
6s372rb26.60.51,325,False
6s372rb26.60.52,298,False
6s372rb26.60.53,301,False
6s372rb26.60.54,317,False
6s372rb26.60.55,321,False
6s372rb26.60.56,321,False
6s372rb26.60.57,320,False
6s372rb26.60.58,328,False
6s372rb26.60.59,329,False
6s372rb26.60.6,324,False
6s372rb26.60.7,297,False
6s372rb26.60.8,300,False
6s372rb26.60.9,316,False
6s38.60.0,86400,True
6s38.60.1,86400,True
6s38.60.10,86400,True
6s38.60.11,86400,True
6s38.60.12,86400,True
6s38.60.13,86400,True
6s38.60.14,86400,True
6s38.60.15,86400,True
6s38.60.16,86400,True
6s38.60.17,86400,True
6s38.60.18,86400,True
6s38.60.19,86400,True
6s38.60.2,86400,True
6s38.60.20,86400,True
6s38.60.21,86400,True
6s38.60.22,86400,True
6s38.60.23,86400,True
6s38.60.24,86400,True
6s38.60.25,86400,True
6s38.60.26,86400,True
6s38.60.27,86400,True
6s38.60.28,86400,True
6s38.60.29,86400,True
6s38.60.30,86400,True
6s38.60.31,86400,True
6s38.60.32,86400,True
6s38.60.33,86400,True
6s38.60.34,86400,True
6s38.60.35,86400,True
6s38.60.36,86400,True
6s38.60.37,86400,True
6s38.60.38,86400,True
6s391rb379.60.0,1046,False
6s391rb379.60.1,1201,False
6s391rb379.60.10,1047,False
6s391rb379.60.11,1113,False
6s391rb379.60.12,1100,False
6s391rb379.60.13,1037,False
6s391rb379.60.14,1089,False
6s391rb379.60.15,1247,False
6s391rb379.60.16,1261,False
6s391rb379.60.17,1089,False
6s391rb379.60.18,1059,False
6s391rb379.60.19,1136,False
6s391rb379.60.2,1228,False
6s391rb379.60.20,1176,False
6s391rb379.60.21,1017,False
6s391rb379.60.22,1040,False
6s391rb379.60.23,1035,False
6s391rb379.60.24,1038,False
6s391rb379.60.25,1038,False
6s391rb379.60.26,1109,False
6s391rb379.60.27,1156,False
6s391rb379.60.28,1012,False
6s391rb379.60.29,1141,False
6s391rb379.60.3,1399,False
6s391rb379.60.30,1067,False
6s391rb379.60.31,1144,False
6s391rb379.60.32,1135,False
6s391rb379.60.33,1069,False
6s391rb379.60.34,1021,False
6s391rb379.60.35,1032,False
6s391rb379.60.36,1164,False
6s391rb379.60.37,1292,False
6s391rb379.60.38,1450,False
6s391rb379.60.39,1467,False
6s391rb379.60.4,1466,False
6s391rb379.60.40,1042,False
6s391rb379.60.41,1266,False
6s391rb379.60.42,1219,False
6s391rb379.60.43,1019,False
6s391rb379.60.44,1021,False
6s391rb379.60.45,1203,False
6s391rb379.60.46,1197,False
6s391rb379.60.47,1061,False
6s391rb379.60.48,1234,False
6s391rb379.60.49,1459,False
6s391rb379.60.5,1224,False
6s391rb379.60.50,1209,False
6s391rb379.60.51,1172,False
6s391rb379.60.52,1044,False
6s391rb379.60.53,1157,False
6s391rb379.60.54,1128,False
6s391rb379.60.55,1334,False
6s391rb379.60.56,1329,False
6s391rb379.60.57,1248,False
6s391rb379.60.58,1037,False
6s391rb379.60.59,1110,False
6s391rb379.60.6,1019,False
6s391rb379.60.7,1033,False
6s391rb379.60.8,1291,False
6s391rb379.60.9,1020,False
6s4.60.0,64,False
6s4.60.1,63,False
6s4.60.10,63,False
6s4.60.11,63,False
6s4.60.12,63,False
6s4.60.13,62,False
6s4.60.14,63,False
6s4.60.15,63,False
6s4.60.16,62,False
6s4.60.17,63,False
6s4.60.18,63,False
6s4.60.19,63,False
6s4.60.2,63,False
6s4.60.20,62,False
6s4.60.21,63,False
6s4.60.22,63,False
6s4.60.23,63,False
6s4.60.24,63,False
6s4.60.25,63,False
6s4.60.26,63,False
6s4.60.27,63,False
6s4.60.28,63,False
6s4.60.29,63,False
6s4.60.30,64,False
6s421rb083.60.0,3008,False
6s421rb083.60.1,2747,False
6s421rb083.60.10,3117,False
6s421rb083.60.11,3136,False
6s421rb083.60.12,3236,False
6s421rb083.60.13,3214,False
6s421rb083.60.14,2660,False
6s421rb083.60.15,2661,False
6s421rb083.60.16,3007,False
6s421rb083.60.17,3129,False
6s421rb083.60.18,2845,False
6s421rb083.60.19,2935,False
6s421rb083.60.2,2714,False
6s421rb083.60.20,3217,False
6s421rb083.60.21,3197,False
6s421rb083.60.22,2713,False
6s421rb083.60.23,2631,False
6s421rb083.60.24,2650,False
6s421rb083.60.25,3241,False
6s421rb083.60.26,2865,False
6s421rb083.60.27,2868,False
6s421rb083.60.28,2728,False
6s421rb083.60.29,3209,False
6s421rb083.60.3,2928,False
6s421rb083.60.30,2626,False
6s421rb083.60.31,2616,False
6s421rb083.60.32,3056,False
6s421rb083.60.33,3059,False
6s421rb083.60.34,3021,False
6s421rb083.60.35,3157,False
6s421rb083.60.36,3160,False
6s421rb083.60.37,3229,False
6s421rb083.60.38,3216,False
6s421rb083.60.39,2870,False
6s421rb083.60.4,3183,False
6s421rb083.60.40,2768,False
6s421rb083.60.41,2644,False
6s421rb083.60.42,2659,False
6s421rb083.60.43,3102,False
6s421rb083.60.44,3161,False
6s421rb083.60.45,2762,False
6s421rb083.60.46,3012,False
6s421rb083.60.47,3017,False
6s421rb083.60.48,2889,False
6s421rb083.60.49,2913,False
6s421rb083.60.5,2746,False
6s421rb083.60.50,3233,False
6s421rb083.60.51,2823,False
6s421rb083.60.52,3313,False
6s421rb083.60.53,2852,False
6s421rb083.60.54,3129,False
6s421rb083.60.55,3376,False
6s421rb083.60.56,3055,False
6s421rb083.60.57,2955,False
6s421rb083.60.58,3028,False
6s421rb083.60.59,3053,False
6s421rb083.60.6,2628,False
6s421rb083.60.7,2638,False
6s421rb083.60.8,2856,False
6s421rb083.60.9,2870,False
6s43.60.0,2980,False
6s43.60.1,2829,False
6s43.60.10,2992,False
6s43.60.11,2624,False
6s43.60.12,3037,False
6s43.60.13,3062,False
6s43.60.14,2928,False
6s43.60.15,3017,False
6s43.60.16,2905,False
6s43.60.17,2920,False
6s43.60.18,2726,False
6s43.60.19,2881,False
6s43.60.2,2842,False
6s43.60.20,2982,False
6s43.60.21,3243,False
6s43.60.22,3305,False
6s43.60.23,3393,False
6s43.60.24,3199,False
6s43.60.25,3110,False
6s43.60.26,3447,False
6s43.60.27,3466,False
6s43.60.28,3460,False
6s43.60.29,3756,False
6s43.60.3,2975,False
6s43.60.30,4529,False
6s43.60.31,3841,False
6s43.60.32,3964,False
6s43.60.33,4758,False
6s43.60.34,4928,False
6s43.60.35,4561,False
6s43.60.36,4412,False
6s43.60.37,5407,False
6s43.60.38,6163,False
6s43.60.39,5448,False
6s43.60.4,2947,False
6s43.60.40,6297,False
6s43.60.41,2641,False
6s43.60.42,5183,False
6s43.60.43,4434,False
6s43.60.44,4282,False
6s43.60.45,4055,False
6s43.60.46,4168,False
6s43.60.47,4277,False
6s43.60.48,4277,False
6s43.60.49,4028,False
6s43.60.5,2516,False
6s43.60.50,3294,False
6s43.60.51,3644,False
6s43.60.52,3413,False
6s43.60.53,2892,False
6s43.60.54,3097,False
6s43.60.55,3652,False
6s43.60.56,3986,False
6s43.60.57,2908,False
6s43.60.58,3064,False
6s43.60.59,2993,False
6s43.60.6,2838,False
6s43.60.7,2853,False
6s43.60.8,2802,False
6s43.60.9,2617,False
