instance_name,leading_term,original_equation,type_of_equation,llm_upper_bound,llm_complexity
6s109,,,exponential,NA,NA
6s309b034,0.4656945*exp(4.85257660054472e-7*x0),(x0 - (x0 - 1.6013858))**5.973866 + exp(-x0 + x0*4.8525766e-7 + x0)*0.4656945,exponential,0.4656945 * exp(4.85257660054472e - 7 * x0),O(exp(x0))
6s339rb19,exp(1.55439115685677e-10*x0**1.576451)*exp(-exp(-9.64059262389964e-184*x0**29.597174)),exp((-0.9999994*x0 + x0)**1.576451 - exp((-0.9999994*x0 + x0)**29.597174*(-13.590761))) - 1*0.21737307,exponential,exp(1.55439115685677e-10 * x0^1.576451),O(exp(1.55439115685677e-10 * x0^1.576451))
6s339rb22,4.2736315e-7*x0,x0*4.2736315e-7 + exp((-1.8229246e-6*x0 + (x0*1.8229246e-6)**1.7627374 - 3.053859)*0.6283012)*0.20869926,exponential,4.2736315e - 7 * x0,O(x0)
6s351rb15,0.0194631761744568*exp(5.034427e-7*x0),exp(5.034427e-7*x0 - 3.939231),exponential,0.0194631761744568 * exp(5.034427e - 7 * x0),O(exp(5.034427e - 7 * x0))
6s54,5.74762506070078e-27*x0**4.424102,(x0*exp(-x0 + x0 - 4.29434))**4.424102*1.0244123e-18,exponential,5.74762506070078e,O(x0^5)
bc57sensorsp2,exp((9.3704160029743e-6*x0 + 1.4351626071024)**0.40350702),exp(((x0*144.59932 - (x0*146.59929 - (x0 + 2.2973835) - (x0 + 2.2973835)))*0.3123472)**0.40350702),exponential,exp(0.009371 * x0^0.40350702),O(exp(0.009371 * x0^0.40350702))
beemadd4b1,1.74164159859598e-12*exp(1.28307268996617*x0**0.27275187)*exp(-8.77100684243581e+15*exp(-x0**0.3098139)),exp((x0 + x0*1.4939371)**0.27275187 - exp(36.710228 - x0**0.3098139) - 27.076193) + 1.0488855,exponential,1.74164159859598e - 12 * exp(1.28307268996617 * x0^0.27275187),O(exp(x0^0.27275187))
beembrptwo6b1,3.1679824331793e-10*exp(0.7403839*x0**(-x0 + x0 + 0.2566231)),exp(-x0 + x0 + (-x0 + x0 + x0**(-x0 + x0 + 0.2566231) - 25.085478)*0.7403839)*0.03688789,exponential,exp(0.18999999999999998,O(exp(0.18999999999999998
beemextnc3f1,4.12769280941296e-9*1.0204836**((x0 + x0)**0.4929634),(1.0204836**((x0 + x0)**0.4929634 + 1.0402273) - (-1.5381403)*x0**1.5097178)*4.041542e-9 - 1*0.5431906,exponential,4.12769280941296e-9 * 1.0204836 ** ((2 * x) ** 0.4929634),O(1.0204836 ** ((2 * x) ** 0.4929634))
beemmsmie1f1,1.03184588938436*1.0415041**(x0**(-0.09024803*0.7250788**(x0**0.3586032)*x0**2 + 0.41494882)),1.0415041**(x0**(x0*(-0.09024803)*0.7250788**(x0**0.3586032)*x0 + 0.41494882) + 0.7708992),exponential,1.031845889,O(1.0415041^(x0^0.41494882))
beemszmsk1f1,0.00917134346122016*2.229823**(0.1430558*exp(x0**0.115693815)),2.229823**(x0 - (x0 + 0.051191732) + exp(x0**0.115693815 - x0 + x0)*0.1430558 - 5.7993402) + 0.62990737,exponential,0.00917134346122016 * 2.229823 ** (0.1430558 * exp(x0 ** 0.115693815)),O(exp(exp(x0^0.115693815)))
beemtrngt4b1,1.10229005e-14*x0**2.6384096,x0**2.6384096*1.10229005e-14,exponential,1.10229005e,O(x0^3)
bjrb07amba4andenv,1.9140053e-10*x0**2*exp(7.802927e-8*x0),x0*(x0*1.9140053e-10*exp(x0*7.802927e-8) - 8.917455e-5),exponential,1.9140053e - 10 * x0^2 * exp(7.802927e - 8 * x0),O(x0^2 * exp(7.802927e - 8 * x0))
bob05,2.23169750136232e-5*exp(1.1464918*x0**0.1721605)*exp(x0**0.1721605*exp(-0.27587244*x0**0.14086746))*exp(-9.341683*exp(-0.27587244*x0**0.14086746)),exp((exp(0.27587244*(-x0**0.14086746 - x0 + x0)) + 1.1464918)*(x0**0.1721605 - x0 + x0 - 1*9.341683)),exponential,2.23169750136232e,O(exp(x0**0.1721605))
bobcohdoptdcd4,0.458735521901096*exp(1.0562422**(x0**0.32878503)),exp(1.0562422**(x0**0.32878503) - 0.77928144),exponential,0.4587355219,O(exp(1.0562422
cal21,4.94421133488127e-5*exp(x0**0.22686891),exp(x0**0.22686891 - x0 - x0 - x0 + x0 + x0 + x0 - 9.914708),exponential,4.94421133488127e,O(exp(x0
cal4,0.000988591851094159*exp(x0**0.17858881),exp(x0**0.17858881 - 6.919229),exponential,0.0009885918511,O(exp(K^0.17858881))
cmudme2,1.25274962679169e-9*exp(x0**0.2763379),exp(x0**0.2763379 - 20.497925),exponential,1.25274962679169e-9 * exp(x0 ^ 0.2763379),O(exp(x0 ^ 0.2763379))
eijkbs1512,exp(0.074144766*x0**(0.074144766*x0**0.10960768909462)),exp((x0**0.074144766)**(-x0 + x0 + ((x0**0.94130063)**0.252345)**0.4614429)*0.074144766) + 27.809156,exponential,0.00023930849 * x0,O(x0)
eijks444,2.89214719412021*exp(6.2245985e-5*x0)*exp(-6.2245985e-5*exp(exp(1.9674934e-5*x0))),exp((x0 - exp(exp((x0 + x0)*9.837467e-6)))*6.2245985e-5 + 1.0619992) - 1*19.958258,exponential,3.682991759,O(exp(5.8708712e
intel020,0.0806366111477174*exp(0.017815202*x0**0.41151255),exp(x0**0.41151255*0.017815202 - 1*2.5178025),exponential,3.09E-06,O(exp(K^0.19581407))
intel023,2.1318397e-6*exp(x0**0.19691321),exp(x0**0.19691321)*2.1318397e-6,exponential,2.1318397e-6 * exp(x0^0.19691321),O(exp(x0^0.19691321))
intel038,x0,x0 - x0**exp(x0**(-0.97673416)) + exp(x0**0.16407672 - 11.231889) + 22.38608,exponential,1.52E-05,O(exp(x0
intel042,1.28055834929505*exp(1.9893848e-7*x0),exp(1.3103976**(-x0 + x0 - 2.304834) + x0*1.9893848e-7)*0.7490116,exponential,1.28055834929505 * exp(1.9893848e - 7 * x0),O(exp(1.9893848e - 7 * x0))
intersymbol_analog_estimation_convergence,0.000423750119918974*exp(x0**0.1995137),0.00038966577*exp(x0**0.1995137 - x0 - x0 + x0 + x0 - 1*(-0.08385457)),exponential,0.0004237501199,**
nusmvbrp,2.1701405*exp(1.0977306*exp(2/x0**0.40724015)*exp(x0**0.15484819)/x0**0.398482),(exp(exp(x0**0.15484819 + x0 - (-1/x0**0.40724015 - 1/x0**0.40724015 + x0))*1.0977306/x0**0.398482) - 1*6.9554095)*2.1701405,exponential,K^2,O(K^2)
pdtpmsns2,7.275733e-12*x0**2.5626588,x0**2.5626588*7.275733e-12,exponential,NA,NA
pdtpmsretherrtf,1.66648156727644e-6*exp(x0**0.24742827),exp(x0**0.24742827 - 13.304796),exponential,NA,NA
pdtvisbakery2,0.0002308944430075*exp(x0**0.19044973),exp(x0**0.19044973 - x0 - x0 - x0 + x0 + x0 + x0 - 6.795163 - 0.40965027 + 0.24357867)*0.24357867 - 36.082314,exponential,exp(0.1775,**
pdtvisgoodbakery0,5.13571235863633e-20*(x0 + x0 + 3.6887717)**3.4232852,(x0 + x0 + 3.6887717)**3.4232852*exp(x0 - (x0 + 44.729942) + 0.3144587),exponential,0,O(1)
qspiflash_dualflexpress_divfive-p007,4.87480070704612e-32*3.3527729e-6**(1.46632401672307*exp(-3.094076e-6*x0))*x0**(5.7553062 + 1.46632401672307*exp(-3.094076e-6*x0)),(x0*3.3527729e-6)**(-x0 + x0 + exp(0.3827586 - 3.094076e-6*x0) + 5.7553062)*1.5701183,exponential,NA,NA
qspiflash_dualflexpress_divfive-p009,1.7021649e-18*x0**3,x0*x0*1.7021649e-18*x0,exponential,NA,NA
qspiflash_dualflexpress_divfive-p127,3.22867702959684e-5*exp(0.29319575*x0**0.27507716),exp(-(-1)*0.29319575*x0**0.27507716 - 10.340853),exponential,NA,NA
qspiflash_dualflexpress_divfive-p161,0.00390413121732888*exp(exp(1.1163573**(x0**0.14247409))),exp(exp(1.1163573**(x0**0.14247409)) - 5.54572),exponential,NA,NA
qspiflash_dualflexpress_divthree-p007,8.0607438145679e-9*exp(-0.5383483**(5.4317091062094e-9*exp(x0**0.22833568)) + (x0 + x0)**0.22763273),exp(-0.5383483**exp(x0**0.22833568 - 19.031012) + (x0 + x0)**0.22763273 - 18.63626),exponential,NA,NA
qspiflash_dualflexpress_divthree-p010,0.0530929727190263*exp(1.3887655**(0.1052631*x0**0.30802464)),exp(1.3887655**(x0**0.30802464*0.1052631 - x0 + x0) - 2.9357107) - 9.948996,exponential,NA,NA
qspiflash_dualflexpress_divthree-p012,5.540138e-34*(x0 + 8.952794e-33*x0**6.166207 - 13692.633)**6.166207,(x0 + x0**6.166207*8.952794e-33 - 13692.633)**6.166207*5.540138e-34,exponential,NA,NA
qspiflash_dualflexpress_divthree-p068,4.75618970227311e-5*exp(x0**0.19018903),exp(x0**0.19018903 - x0 + x0 - 1*7.824909 - 2.1285696),exponential,NA,NA
qspiflash_dualflexpress_divthree-p134,3.286756e-15*x0**2.7261307,x0**2.7261307*3.286756e-15,exponential,NA,NA
qspiflash_dualflexpress_divthree-p151,7.08945563240873e-6*exp(x0**0.19705291),exp(x0**0.19705291 - x0 + x0 - 11.856902),exponential,NA,NA
qspiflash_dualflexpress_divthree-p153,6.31514255767759e-17*x0**3,x0*6.869161e-11*x0*(-(-x0 + x0*(-2.7953529e-5) + x0*2.7034182e-5 + x0) - 0.83132046),exponential,NA,NA
qspiflash_qflexpress_divfive-p121,exp(0.857329621311523*1.1486312**exp(x0**0.06833451)),exp(1.1486312**(-x0 + x0 + exp(x0**0.06833451) - 1.110859)),exponential,NA,NA
viscoherencep2,1.024107**(x0**0.3789106),1.024107**(x0**0.3789106),exponential,NA,NA
viscoherencep3,2.0670006e-8*x0**1.7013533,x0**1.7013533*2.0670006e-8,exponential,NA,NA
zipcpu-busdelay-p00,0.000806856277782904*exp(x0**0.18896267),exp(x0**0.18896267 - x0 + x0 - 7.122365),exponential,NA,NA
zipcpu-busdelay-p30,-0.00011345268*x0,(x0 - 3.727188e-8*x0**2.3716779)*(-0.00011345268),exponential,NA,NA
6s207rb28,1.3857498*x0**2,x0*(x0*1.3857498 - 1*14.614997) - x0 - 1*(-14.289243),exponential(too few data),x0^2,O(x0^2)
6s271rb045,(2.69394059948525e-7*x0 - 0.1845973)**(x0**0.06163493),(-x0 + x0 + 1.0)**5.2621336 + (x0 - (x0*(-2.6939406e-7) + x0 - 1.3899847) - 2.574582 + 1.0)**(x0**0.06163493),exponential(too few data),(2.69394059948525e,O(e^(x0
6s284rb1,4.68024175618771*11.788548**((-x0 + x0 + 1.331209)**(x0**0.09292134 - x0 + x0))/11.788548**(x0**0.091271535),11.788548**(-(x0**0.091271535 + x0 - (x0 + 0.6255652)) + (-x0 + x0 + 1.331209)**(x0**0.09292134 - x0 + x0)),exponential(too few data),unknown,unknown
6s350rb35,0.32000688**x0,0.32000688**x0 + x0 - (x0*(-0.39800036) - 0.86199194),exponential(too few data),1,**
6s350rb46,0.10543258**x0*x0,0.10543258**x0*(x0 + 0.043329295) + x0*1.296 - 1*(-0.3662525) + 0.66774654,exponential(too few data),NA,NA
6s357r,6.14144941499564e-5*exp(0.5276402*x0),exp(1.7394357 - ((28.302975 - x0)*0.5276402 - (-exp(x0) + exp(x0) + 3.496487))),exponential(too few data),NA,NA
6s404rb4,1.3861002*x0**2,x0*(-(-1.3861002)*x0 - 6.3942027) + 5.248095,exponential(too few data),NA,NA
arbitrated_top_n3_w16_d128_e0,0.113870375*(-0.91652113*0.63613963**x0*x0 + 0.100314969903436*0.63613963**x0 + 1.3180016)**x0,0.113870375*((0.63613963**x0*(-x0 - 1*0.56619287 + 0.67564476) - x0 + x0)*0.91652113 + 1.3180016)**x0 - 0.029113846,exponential(too few data),0.093997,O(1)
arbitrated_top_n3_w8_d128_e0,-0.13107464*x0**0.26247036,(x0**0.26247036 - x0*(exp(x0)**(-0.4194782) + 0.07225246) + x0 + 0.07225246)*(-0.13107464) + exp(x0*0.26247036 - 1.7763445),exponential(too few data),NA,NA
beemandrsn4b1,8.536182*x0**2,(x0 + x0 + x0)*(-x0 + x0 + (x0 + x0)*1.422697 + exp(x0 - 2317.9077) - 1*2.845394),exponential(too few data),8.536182 * x0^2,O(x0^2)
beemlann2f1,0.0006178639*x0,(x0 + exp((-0.26849267**x0)*exp(-0.79444313**x0)*exp(x0 + 3.4976) + x0*0.27444836 + 2.8618934) + 3.7742682)*0.0006178639,exponential(too few data),NA,NA
beemlifts2b1,-0.9243703/x0**2.1714964,(x0 - 0.9243703)*(x0**(-2.1714964) + x0*(x0 - 1*1.279875)*0.0119087435 - 1*1.1419106) + 0.050985757,exponential(too few data),0,O(1)
beemprdcell2f1,1.8692784485231*exp(4.72233312707367e-8*4.848139**(0.942993*x0**0.20099773)),exp(4.848139**((x0**(x0 - (x0 - 0.20099773)) - 11.331676)*0.942993) + 0.6255525) - 1*2.2445233,exponential(too few data),1.869278449,O(exp(4.848139
bobsmoci,0.00136728334317326*exp(x0**0.19356444),exp(x0**0.19356444 - x0 + x0 - 6.686124 - 1*(-0.022798631) - 1*(-0.0683959)) - 1*17.07507,exponential(too few data),0.001367283343,O(exp(x0^0.19356444))
buggy_ridecore,x0**0.19528177,x0**0.19528177 - 4.193649*(x0*(-14.279467) + x0 - (-13.279467)*x0),exponential(too few data),unknown,unknown
cal102,8.87,8.87,exponential(too few data),NA,NA
cal106,5.24,5.24,exponential(too few data),5.24 * K**0,O(1)
cal112,15,15,exponential(too few data),15,O(1)
cal118,0.08,0.08,exponential(too few data),0.08,O(1)
cal123,0.26,0.26,exponential(too few data),NA,NA
cal129,0.32,0.32,exponential(too few data),NA,NA
cal143,0.41,0.41,exponential(too few data),0.41,O(1)
cal149,0.2,0.2,exponential(too few data),0.2,O(1)
cal176,7.7374167*x0**2,x0*x0*7.7374167 - 7.557417,exponential(too few data),x0^2,O(x0^2)
cal33,0.486127*1.2006322**x0,x0*1.4004515 + (0.486127 - exp((1.715663 - 1.1440523**x0)*0.45010164))*(1.2006322**x0 + x0**1.715663 + 1.715663) + 1.8233316,exponential(too few data),0.5836800000000001 * x0^K,O(x0^K)
cal34,3.0049996*x0**2,x0*3.0049996*(x0 - 1*7.0948386) + exp(-18.32494) - 1*(-18.32494),exponential(too few data),NA,NA
cal81,5.1475662*x0**2*exp(x0**(-264.0593)),(x0*(x0 + x0 + x0 - 30.613367)*exp(x0**(-264.0593)) + 75.36891)*1.7158554 - 0.3284854,exponential(too few data),5.1475662,**\n
cal86,0.028567217*exp(x0),exp(x0)*0.028567217 - 1*(-0.41234627),exponential(too few data),0.028567217 * exp(x0),O(exp(x0))
intel057,0.00198142135143336*exp(x0**0.17631629),(8.604187 + exp(x0**0.17631629 - x0 + x0)*(-0.0048577036))*(-x0 + x0 - 0.4078926),exponential(too few data),5.6818143292482e - 17 * x^3,O(x^3)
intel066,x0**3,x0*(x0*(x0 - 1*(-1.31414)) + 2.715324) - 1*2.9539938 - 2.0554702,exponential(too few data),x0^3,O(x0^3)
oski15a07b1s,1.4842482e-6*x0,(x0 + x0)*7.421241e-7 + exp(exp(exp((x0 + x0)*1.8741469e-8)*0.2035302))*0.33890724,exponential(too few data),1.4842482e-6 * x,O(x)
oski15a07b3s,exp(2.0829103**(1.50690144796578*7.9357586**(6.073995e-17*x0**2)/7.9357586**(0.6415383*x0))),exp(2.0829103**(7.9357586**(x0*(-x0 + x0*6.073995e-17 + x0 - 0.6415383) + 0.19796258))) + 9.65679,exponential(too few data),1.468666761,**
oski15a07b5s,7.7998055e-7*x0,-(-7.7998055e-7)*x0 + (-1.9917202e-14*x0 + exp(x0*(-2.3297295e-7)))**(-0.2912772),exponential(too few data),9.37520439947548e - 7 * x0,O(x)
oski15a10b05s,2.04988930274652e-8*x0*x0**(4.0997786e-8*x0 + 0.06720817),x0*2.1848007e-5 + x0**((x0 + x0)*2.0498893e-8 + 0.06720817)*(x0*2.0498893e-8 + x0 - (x0 - 0.25051326) - 0.40318933 + 0.25990897),exponential(too few data),2.05E-08,O(x0^(4.0997786e-8
oski15a10b07s,-0.037064202*x0**0.6324,x0**0.6324*(-0.037064202) + x0 + x0 + (-x0 + x0 + 1.0080075*x0 - (x0 + 0.21390027))*(-249.7467),exponential(too few data),1.1199208,**
oski15a10b09s,4.95318164854819e-5*x0,-x0 + (x0*(-36.514145) + x0 - (-35.38154)*x0 + 10.142626)*(-7.5415673) + 22.816467,exponential(too few data),x0,O(x0)
oski15a10b11s,3.55097604591495e-5*x0,(-(-7.4674965e-5)*x0 - 2272.5068)*(-x0 + x0 + 0.4755243) - 1*(-1055.1244),exponential(too few data),1.13425406776093 * exp(0.9987014 * exp(exp(6.7099585e - 8 * x0))),O(exp(exp(exp(x0))))
pdtvisns3p02,1.8896999*x0**2,x0*(x0*1.8896999 - 22.2344) - x0 - x0 + x0 + x0 + (-x0 + x0)*exp(x0*(-17.390429)) + 1.9855292 + 18.369175,exponential(too few data),NA,NA
pdtvissoap2,5.1124494e-10*x0**2,x0*5.1124494e-10*x0,exponential(too few data),NA,NA
qspiflash_dualflexpress_divthree-p005,-0.00090369704*x0,x0*(x0**0.4640612*2.1833962e-6 - 1*0.00090369704),exponential(too few data),NA,NA
qspiflash_dualflexpress_divthree-p161,0.119425643420812*1.7619233**(0.18151249*x0**0.30201757),1.7619233**(x0**0.30201757*0.18151249 - x0 + x0 + x0 - (x0 + 0.2829513) - 3.4688828) - 34.907444,exponential(too few data),NA,NA
qspiflash_qflexpress_divfive-p063,3.544264e-16*x0**2.8417268,x0**2.8417268*3.544264e-16,exponential(too few data),NA,NA
ridecore,-1.872098*x0**0.2334957,(-x0**0.2334957 + x0*(-24.693521) - x0 + x0 + (x0 + 2.3427753)*24.693523 - 1*36.258755 + 8.872766)*1.872098,exponential(too few data),NA,NA
zipcpu-busdelay-p46,3.6819357e-14*x0**2.6863115,x0**2.6863115*3.6819357e-14,exponential(too few data),NA,NA
139442p0,3.1397738e-7*x0,(-x0 + x0**3.6816132*(-2.5915795e-22))*(-3.1397738e-7),linear,3.1397738e - 7 * x,O(x)
139443p5,6.320862e-7*x0,-x0 + x0*6.320862e-7 + x0 + 1.0402505,linear,6.320862e - 7 * x0,O(x0)
139444p0,3.5487665e-7*x0,x0*3.5487665e-7 - 0.41033244,linear,unknown,unknown
139444p22,2.44245129944605e-6*x0,(x0*exp(-x0 + x0 + 0.041969657) + x0)*1.1956022e-6,linear,2.44245129944605e-6 * x0,O(x0)
139452p0,3.4080134e-7*x0,x0*3.4080134e-7,linear,3.4080134e - 7 * x0,O(x0)
139453p0,3.272255e-7*x0,x0*3.272255e-7,linear,3.272255e - 7 * x0,O(x0)
139454p0,3.501252e-7*x0,x0*3.501252e-7,linear,\,O(x0)
139462p0,3.3339026e-7*x0,x0*3.3339026e-7,linear,3.3339026e-7 * x,O(x)
139463p0,7.449956e-8*x0**1.0842199,x0**1.0842199*7.449956e-8,linear,7.449956e,O(x^2)
139464p0,3.2400476e-7*x0,3.2400476e-7*(x0 + exp(2.0704336e-7*x0)),linear,3.2400476e - 7 * x0,O(x0)
6s164,8.9730904e-8*x0**1.0766534,x0**1.0766534*8.9730904e-8,linear,8.97E-08,**
6s202b00,3.10764008916835e-8*x0**1.1322429,(-x0 + x0 - (-6.8322294e-8)*x0**1.1322429 + 1.575937)*0.45485008 - 1*0.5011672,linear,3.39223861680476e - 7 * x0,O(x0)
6s202b41,0.44625208**(4.940577e-7*x0),0.44625208**(4.940577e-7*x0) - 0.069865264*x0 + x0*0.069865376 + x0**1.0733178*5.4096596e-8 - 1*0.36207393,linear,1,O(1)
6s204b19,3.07427133626198e-7*x0,(x0 - (-3.1130194e-6*x0 + x0))*0.09875529 - 1*0.28673956,linear,3.07427133626198e,O(x0)
6s205b20,5.79281957877077e-16*x0**2,(-x0 - 0.8723714*x0 + (0.3168568 - (-x0 + x0*(-9.0310766e-7) + x0))*(-1.0043534*x0 + x0))*(-1.4734042e-7),linear,5.79281957877077e - 16 * x0^2,O(x0^2)
6s206rb025,5.49423307171133e-17*x0**2,(-0.0044106958*x0*(-x0 + x0*(-4.3455376e-8) + x0) + x0)*2.8665298e-7 - 0.32276088,linear,5.49423307171133e,O(x0^2)
6s206rb103,1.7237602e-5*x0**0.75752515,x0*(x0**(-0.24247485) + (-x0 - x0 + x0*4.5198362e-6 + x0 + x0)*1.3064429e-5)*1.7237602e-5 - 1*0.5818224,linear,1.7237602e-5 * x0^0.75752515,O(x0^0.75752515)
6s209b0,3.0993095e-7*x0,-(-3.0993095e-7)*x0 + exp(-x0 + x0 - 1.7319221),linear,3.0993095e - 7 * x0,O(x0)
6s210b037,3.0706113e-7*x0,x0*3.0706113e-7,linear,3.0706113e - 7 * x0,O(x0)
6s215rb0,3.4724877e-7*x0,x0*3.4724877e-7 - 0.45154062,linear,3.4724877e,**
6s216rb0,3.2323933e-7*x0,x0*3.2323933e-7,linear,3.2323933e,**
6s218b2950,-x0**0.082002245,-x0**0.082002245 + x0*3.0718886e-7 + 3.1819282,linear,0,O(1)
6s221rb14,2.86999999999857e-7*x0,(-x0 + (-x0 - x0 + x0 + x0 + 4.3629055)*(-2.0106204))*0.014698133 + (x0 + 2.8081312)*0.01469842 + 0.06748378,linear,2.86999999999857e - 7 * x0,O(x0)
6s275rb318,-1.3612861980501e-14*x0**2,(x0**0.8015987*(-1.3257253e-6) - (0.546063 - 3.0253265e-8*x0))*(-4.499634e-7)*x0,linear,0,O(1)
6s277rb292,1.0167314e-6*x0**0.9438512,x0**0.9438512*1.0167314e-6,linear,1.0167314e,O(x0)
6s288r,1.2129874e-7*x0**1.0540123,x0**1.0540123*1.2129874e-7,linear,1.21E-07,O(x0^2)
6s290,1.49999999976558e-6*x0,x0*(-2.5754337) - x0 + x0 + x0*2.5754352,linear,1.49999999976558e - 6 * x0,O(x0)
6s301rb106,7.89999999945001e-7*x0,x0*0.23764609 - (-x0 + (x0 - 1*(-3.2350125))*1.2376453) - 2.4005256,linear,x0**2,O(x0**2)
6s306rb03,3.15835006003426e-7*x0,(x0*(-0.15176104) + x0*0.15176073 - 1*0.95292807 + 1.1482446)*(-1.0188226),linear,3.15835006003426e - 7 * x0,O(x0)
6s307rb09,3.110211e-7*x0,x0*3.110211e-7,linear,x0,O(x0)
6s326rb08,7.1150924920734e-8*x0**1.0745515,(x0*2.228899e-7)**1.0745515 + 0.23472947,linear,7.1150924920734e-8 * x0 ** 1.0745515,O(x0^1.0745515)
6s344rb054,1.3242187952816e-32*x0**4,(-(-4.6051157e-26)*x0*x0*x0*x0 + x0)*2.8755386e-7,linear,1.3242187952816e - 32 * x0 ** 4,O(x0^4)
6s344rb150,2.98220716760111e-7*x0,x0*0.05292057 + (x0*(-0.058236532) + x0*0.053298455 + x0)*(-0.053182893) - 1*0.8325402 - 1*0.6049736 + 1.1518075,linear,2.98220716760111e - 7 * x0,O(x0)
6s355rb08740,2.8608522e-7*x0,x0*2.8608522e-7,linear,2.8608522e - 7 * x0,O(x0)
6s355rb11080,0.045066822*x0**0.07433416,(-x0**0.07433416 + x0*(-1.0000058) - x0 + x0 + x0)*(-0.045066822) - 0.31328478,linear,0.045066822,O(K^0.07433416)
6s372rb26,1.2365528e-7*x0**1.0561159,x0**1.0561159*1.2365528e-7,linear,x0^2,O(x0^2)
6s380b129,1.91323022130672e-8*x0**1.1521593,(-x0 + x0 + x0**1.1521593*9.045552e-8 + 3.1663985)*0.21151061,linear,0.0000000191323022130672 * x0^2,O(x0^2)
6s380b511,-3.7164955e-5*x0**0.6972372,x0**0.6972372*(-3.7164955e-5) - 0.034814086*x0 + x0*0.03481461 + 0.64113235,linear,0,O(1)
6s384rb024,2.33089024276642e-6*x0**0.88875794,(x0**0.88875794*4.0007224e-5 - x0 + x0)*0.058261734 - 1*0.94269085,linear,x0,O(x0)
6s385rb444,3.29999999992836e-7*x0,-0.31583762*x0 + 0.13490285*x0 + x0*0.1809351,linear,3.29999999992836e - 7 * x0,O(x0)
6s389b02,1.611058e-7*x0**1.0506027,x0**1.0506027*1.611058e-7,linear,1.611058e - 7 * x0^2,O(x0^2)
6s4,4.8063504e-7*x0,x0*4.8063504e-7,linear,4.8063504e - 7 * x0,O(x0)
6s400rb07819,2.65000000013171e-7*x0,-0.044262905*x0 + x0*0.0538643 + x0*0.06558717 + (1.6973373 - x0)*0.0751883 - 1*1.7685599 + 1.5559857,linear,2.65000000013171e - 7 * x0,O(x0)
6s401rb051,-1.6123114/x0**0.062447555,(x0 - (x0*(-1.1495675e-6) + x0 + 4.538498) + 2.9261866)/x0**0.062447555,linear,0,O(1)
6s405rb611,4.00000000039258e-7*x0,x0*(-0.8659138) + x0*(-0.1340858) + x0,linear,4.00000000039258e - 7 * x,O(x)
6s406rb067,8.8999999998951e-7*x0,x0*(-1.0858991) + x0*(-0.7559311) + x0*0.10578359 + x0*1.7360475,linear,8.8999999998951e - 7 * x0,O(x0)
arbitrated_top_n2_w128_d32_e0,x0**0.54405061,(x0**0.7035337 + x0*(-0.01231674))*(x0**(-0.15948309) - x0 + x0 - 0.14187074 - 1*0.00014177478) - (x0 - (x0 + 9.011267)),linear,x,O(x0^2)
arbitrated_top_n2_w8_d16_e0,1.3116478e-6*x0,0.5482994 - (-1.3116478e-6)*x0,linear,1.3116478e - 6 * x0,O(x0)
arbitrated_top_n2_w8_d32_e0,0.619518045374084*1.1518663**((1.00000096921632*x0**(1.6986525e-6 - 2.5567961e-12*x0)/1.7692916**(2.5567961e-12*x0))**x0),1.1518663**(((x0*1.7692916)**(1.6986525e-6 + x0*(-2.5567961e-12)))**x0 - 3.386629) + x0*1.2586305e-6,linear,0.6195180454,As
arbitrated_top_n3_w16_d32_e0,3.3914278915206e-7*x0,(-(-1.4286903e-6)*x0 + exp((x0**(-x0 + x0 + 0.056735557))**3.991514 - 23.363077))*0.2373802,linear,3.3914278915206e - 7 * x0,O(x0)
arbitrated_top_n3_w8_d16_e0,3.7124946e-7*x0,x0*3.7124946e-7,linear,3.7124946e - 7 * x0,O(x0)
arbitrated_top_n4_w128_d16_e0,3.3896396e-7*x0,x0*3.3896396e-7 + exp(-x0 + x0 - 1.833682 + 0.806508),linear,3.3896396e - 7 * x0,O(x0)
arbitrated_top_n4_w16_d16_e0,3.973837e-7*x0,x0*3.973837e-7,linear,3.973837e - 7 * x,O(x)
arbitrated_top_n4_w16_d32_e0,-3.39486857401138e-5*x0*(exp(-2.2075705e-5*x0)**1.7909486)**0.00590148,(41.153942 + x0*(-2.2075705e-5))*((exp(40.71931 + x0*(-2.2075705e-5))**1.7909486)**(x0 - (x0 - 0.06495545) - 0.05905397) - 1.0162255),linear,0,O(1)
arbitrated_top_n4_w32_d32_e0,1.17247628312297*1.0175856**(51.1597434273066*exp(-2.0271377517936e-13*x0**2)),1.0175856**(exp((x0*x0*1.5926776e-12 - 30.916061)*(-x0 + x0 - 1*0.1272786)) + 9.127526) + x0*3.410728e-7,linear,2.86,O(1)
arbitrated_top_n4_w64_d32_e0,3.5646445e-7*x0,x0*3.5646445e-7 + exp(exp(x0*(x0 - (x0 + 0.16759387) - 1*3.5646445e-7) + (4.8156657 - 3.5646445e-7*x0)*1.0129539)),linear,3.5646445e,O(x0)
arbitrated_top_n5_w128_d8_e0,3.593268e-7*x0,x0*3.593268e-7 - exp(-(-x0 + x0 + exp(0.70955926**(0.35977432**(x0*3.593268e-7)*x0)*2.430226)) - 0.4602066),linear,3.593268e,**
arbitrated_top_n5_w32_d32_e0,(1.0025437**(0.2933004/x0**0.6348171))**(18.495338*x0),(1.0025437**(0.2933004/x0**0.6348171))**(18.495338*x0) + exp(x0**0.14481275*0.2758025) - 1*17.387253,linear,1.0025437 ^ (5.4245 * x0^0.3651829),O(1.0025437 ^ (5.4245 * x0^0.3651829))
arbitrated_top_n5_w64_d16_e0,2.0453191e-7*x0**1.0321077,x0**1.0321077*2.0453191e-7,linear,2.0453191e - 7 * x0^2,O(x0^2)
beemfwt3f3,1.17877406e-7*x0**1.0678749,x0**1.0678749*1.17877406e-7,linear,1.2589899e-7 * x0^K,O(x0^K)
beemlup1b1,3.4562362e-7*x0,-(-3.4562362e-7)*(x0 + exp(x0*3.9822532e-7)) - 0.1989329,linear,3.4562362e,O(x0)
bj08amba2g1,3.23955e-7*x0,(x0 + exp(1.0088668e-6*x0))*3.23955e-7,linear,3.23955e,O(x0**2)
bj08amba3g1,3.0672217e-7*x0,x0*3.0672217e-7 + 0.30260226,linear,3.0672217e,O(x)
bj08amba5g62,4.0478e-7*x0,x0*4.0478e-7,linear,4.0478e - 7 * x0,O(x0)
bjrb07amba1andenv,5.052117e-7*x0**0.9673615,x0**0.9673615*5.052117e-7,linear,x0,O(x0)
bob12s02,2.242895e-5*x0,118.940155 - (-2.242895e-5)*x0,linear,2.242895e - 5 * x0,O(x0)
bob9234spec4neg,4.1413827e-7*x0,x0*4.1413827e-7,linear,4.1413827e-7 * x0,O(x0)
bob9234specand,3.314373e-7*x0,x0*3.314373e-7,linear,3.314373e - 7 * x0,O(x0)
bobmiterbm1and,3.2255417e-7*x0,x0*3.2255417e-7,linear,3.2255417e - 7 * x0,O(x0)
bobmiterbm1or,4.1133745e-8*x0**1.0810345,x0**1.0810345*4.1133745e-8,linear,4.1133745e - 8 * x0**2,O(x0^2)
bobsynthand,3.3125622e-7*x0,x0*3.3125622e-7,linear,3.3125622e,O(x0)
bobtuint24,3.519096e-8*x0**1.0931877,x0**1.0931877*3.519096e-8,linear,3.519096e,O(x0^2)
bobtuint26neg,1.5756575e-6*x0,4.0797625**(-x0 + x0 - exp(2.4756236 + x0*(-8.4717834e-7)) + 0.8921697) + x0*1.5756575e-6,linear,1.5756575e - 6 * x0,O(x0)
bobtuintand,3.2533830497892e-7*x0,(-x0 + x0*1.2450777e-6 + x0 + 0.37731862)*0.2612996,linear,3.2533830497892e-7 * x0**2,O(x0**2)
bobtuintorneg,3.2067857e-7*x0,x0*3.2067857e-7,linear,3.206776e-7 * x,O(x)
bobunr2p10d40l,8.454611e-7*x0,x0*8.454611e-7,linear,8.454611e - 7 * x0,O(x0)
bobuns2p10d100l,-5.516873e-8*x0*exp(x0**(-0.021091014)),x0*(1.2859418e-6 + (-x0 + x0 + exp(x0**(-0.021091014)))*(-5.516873e-8)),linear,1.28188398654563e - 6 * x0,O(x0)
cmuperiodic,0.009678584*x0**0.24365206,x0**0.24365206*(x0*6.0630008e-9 + 0.009678584),linear,0.009678584 * K ^ 0.24365206,O(K ^ 0.24365206)
dme6p1,4.6309003e-7*x0,x0*4.6309003e-7,linear,4.6309003e - 7 * x0,O(x0)
dme6p1neg,4.4304295e-7*x0,x0*4.4304295e-7,linear,4.4304412e - 7 * x0,O(x0)
dspfilters_fastfir_second-p04,9.03019775994637e-7*x0,(x0*(-0.17112322) + x0*0.1711237 - 1.2417829 - 1*(-1.3666958))*1.8812912,linear,9.03019775994637e - 7 * x0,O(x0)
dspfilters_fastfir_second-p07,1.166166**(x0**0.18725726),1.166166**(x0**0.18725726) + x0 - (-(-1.1920929e-7)*x0 + x0 + 0.99832124 + 1.1819872),linear,1.166166 ^ (x0 ^ 0.18725726),O(1.166166 ^ (x0 ^ 0.18725726))
dspfilters_fastfir_second-p09,3.29999999992836e-6*x0,-x0 - x0 + x0*(-0.3323634) + (x0 + 3.0264597)*2.3323667,linear,x0,O(x0)
dspfilters_fastfir_second-p10,exp(1.2366126**(x0**0.11750358)),exp(1.2366126**(x0**0.11750358)),linear,exp(1.2366126 ** (x0 ** 0.11750358)),O(exp(1.2366126 ** (x0 ** 0.11750358)))
dspfilters_fastfir_second-p16,0.0003965452*x0**0.6526052,0.0003965452*x0**0.6526052 - (-x0 + 0.9999998*(x0 - 1.0194222)),linear,x0,O(x0)
dspfilters_fastfir_second-p21,6.5982124e-7*x0,x0*6.5982124e-7,linear,6.49999999990936e,O(x)
dspfilters_fastfir_second-p25,2.04679939996844e-6*x0,-x0 + 2.0467994e-6*x0 + x0 + x0**(0.19668296 - exp(-1.5443736e-6*x0)),linear,2.04679939996844e - 6 * x0,O(x0)
eijks1196,1.03667366e-6*x0,(x0 + x0)*5.1833683e-7 - (-x0 + x0 + exp(x0**0.17627655)*3.0990876e-8 - 1*0.23220892),linear,1.03667366e - 6 * x,O(x)
eijks1238,1.1902434e-6*x0,(x0 - 5.81251e-5*exp(x0**0.19343781))*1.1902434e-6,linear,0,O(1)
eijks344,4.930251e-7*x0,x0*4.930251e-7,linear,4.930251e - 7 * x0,O(x0)
eijks349,5.007808e-7*x0,x0*5.007808e-7,linear,5.007808e - 7 * x0,O(x0)
intel003,9.0365785e-7*x0**0.935462,x0**0.935462*9.0365785e-7,linear,9.0365785e - 7 * x0,O(x0)
intel037,3.38932374735479e-7*x0,(-x0 + 3.621373e-6*x0 + x0)*0.09359223 + 0.44533956,linear,x0,O(x0)
intel044,3.61092e-7*x0,x0*3.61092e-7,linear,x0,O(x0)
intel045,-0.016066972*x0,(-x0 + x0**((x0**(-5.668758e-5))**(-0.0012497795)))*0.016066972 + 0.6102241,linear,3.79999999994274e - 7 * x0,O(x0)
intel046,3.474642e-7*x0,x0*3.474642e-7,linear,3.4746432e,O(x0)
intel056,1.3663491e-7*x0**1.0691508,x0**1.0691508*1.3663491e-7,linear,1.3415554e - 7 * x0^2,O(x0^2)
intel059,4.305789e-7*x0,x0*4.305789e-7,linear,x0,O(x0)
intel061,0.000240162749102286*x0,(-x0 + x0 + 0.7807689)*x0*0.00030759774 - 87.84017,linear,0.000240162749102286 * x0,O(x0)
kenflashp03,1.4859484e-7*x0**1.048498232,1.4859484e-7*x0**0.048498232*x0,linear,x^2,O(x^2)
kenflashp04,1.76912166102965e-6*x0**0.8979916,(x0*3.9293892e-7)**0.8979916,linear,x0,O(x0)
kenflashp07,3.4206826e-7*x0,x0*3.4206826e-7,linear,3.420659e - 7 * x0,O(x0)
kenflashp08,3.333927e-7*x0,x0*3.333927e-7,linear,3.333927e - 7 * x0,O(x0)
kenflashp10,3.3694278e-7*x0,x0*3.3694278e-7,linear,3.3694278e - 7 * x0,O(x0)
kenflashp13,3.2145692e-7*x0,x0*3.2145692e-7,linear,x0**2,O(x0**2)
marlann_compute_cp_fail1-p2,9.5175005e-7*x0**0.9519289,x0**0.9519289*9.5175005e-7,linear,8.00E-07,O(x0)
marlann_compute_cp_pass-p2,1.10615554642725e-16*x0**2,(-x0 - (-7.8712845e-16)*x0*x0 + x0*2.8501165e-6 + x0 - 0.8561623 + 0.6248378)*0.1405305,linear,4.086181e - 7 * x0,O(x0)
mentorbm1or,3.66979429700708e-7*x0,x0*((-x0 + x0 + 2.022604)*1.2082627e-8 + 3.4254106e-7),linear,3.66979429700708e - 7 * x0,O(x0)
mentorbm1p01,3.2250475e-7*x0,x0*3.2250475e-7 + exp(-x0 + x0 - 2.3936086),linear,3.2250145e - 7 * x0,O(x0)
mentorbm1p09,0.00183028479235372*exp(x0**0.13074522),exp(x0**0.13074522 - 1*6.3032837) - 1*(-0.7965706),linear,0.001830284792,**
mul7,6.39127652333168e-7*x0,(-x0 + x0*1.3943107e-6 + x0 - 0.4863076 + 1.223206)*0.45838252 - 1.2211856,linear,6.42611430326846e - 7 * x0,O(x0)
mutexp0,4.085951e-7*x0,x0*4.085951e-7,linear,4.085951e - 7 * x0,O(x0)
ndista128,2.7288996e-7*x0,x0*2.7288996e-7,linear,x0**2,O(x0**2)
ndista262144,2.6095066e-7*x0,x0*2.6095066e-7,linear,2.6095066e,**
neclaftp1002,4.79999999997149e-7*x0,-0.04800631*x0 + x0*0.04800679 + 0.022699475,linear,4.79999999997149e - 7 * x,O(x)
neclaftp2001,4.62999999999159e-7*x0,x0*(-0.044180557) + x0*0.04418102 - 1.436055,linear,x0,O(x0)
neclaftp2002,1.5856564e-7*x0**1.05562,x0**1.05562*1.5856564e-7,linear,0,O(1)
neclaftp4001,4.855029e-8*x0**1.097315,4.855029e-8*x0**1.097315,linear,x0^2,O(x0^2)
neclaftp4002,2.4280104e-7*x0,x0*2.4280104e-7 + exp(-x0 + x0 - 2.8587794),linear,x0**2,**
neclaftp5001,2.5297516e-7*x0,x0*2.5297516e-7,linear,2.5297618e - 7 * x0,O(x0)
neclatcas1a001,2.786345e-7*x0,x0*2.786345e-7,linear,2.786345e,**
nusmvreactorp1,3.1589852e-7*x0,x0*3.1589852e-7,linear,3.1589852e - 7 * x0,O(x0)
nusmvsyncarb10p2,3.6539538e-7*x0,3.6539538e-7*x0,linear,3.6539538e - 7 * x0,O(x0)
nusmvsyncarb5p2,3.922916e-7*x0,x0*3.922916e-7,linear,3.922916e - 7 * x,O(x)
oski15a01b04s,4.13749408005593e-7*x0,(-x0 - (x0 + (x0 - 1*3.0906925)*(-1.6824976) - 0.9717686 + 1.0038378) + 1.4026352)*0.14045858 - (-0.04459635*(x0 + 3.1311417) - 0.06884643 + 0.0833733),linear,4.27000000025046e - 7 * x0,O(x0)
oski15a01b05s,4.20808293201686e-7*x0,(x0*(-0.100380816) + x0*0.10038113 + 1.5523015)*1.3401538 - 1*2.4132001,linear,4.20808293201686e - 7 * x0,O(x0)
oski15a01b07s,5.1982815900929e-7*x0,(-0.21866727*x0 + (x0 + x0 + 0.43112245)*0.10933389 - 0.8156275)*1.0192709,linear,5.20000000003851e - 7 * x0,O(x0)
oski15a01b09s,9.10706980930127e-7*x0,(-x0 + x0*1.5802261e-6 + x0 - 2.080922)*0.31119803*exp(x0 - (x0 - 0.6162238)),linear,8.46407876897715e-7 * x0,O(x0)
oski15a01b10s,3.70000000013415e-7*x0,x0*(-0.1643123) + x0*0.11284441 + (x0 + x0)*(-0.007647475) + (-(x0 + 4.0461307) - 0.923861)*(-0.06676321) - 1*0.4220536 - 0.22280478,linear,6.74249594015265e,**
oski15a01b11s,3.3500000001796e-7*x0,x0*0.087366305 + (-x0 + x0 + x0 + x0 + 5.9827905)*(-0.043682985) + 0.16713327,linear,3.42261905380809e - 7 * x0,O(x0)
oski15a01b15s,3.72799350056852e-7*x0,x0 - (x0 - 1*0.23465987) + (x0*(-0.10245487) + (x0 - 1*2.1027725)*0.102455266 - 1*0.05494906)*0.9414125 - 0.11341966,linear,x0**2,O(x0**2)
oski15a01b16s,1.4024344e-7*x0**1.0496156,-(-1.4024344e-7)*x0**1.0496156 + (x0 + exp((x0 + x0 - (-x0 + x0 + x0 + x0))*(-1.7867048)))**0.016803747 - 1.317814,linear,1.41E-07,O(x0^2)
oski15a01b17s,7.2665244e-8*x0**1.0880314,x0**1.0880314*7.2665244e-8 + 0.33499908,linear,2.87393096060713e - 7 * x0,O(x0)
oski15a01b20s,3.68579187656849e-7*x0,(-x0 + x0*(-1.0884913e-6) + x0 - 3.3662772 + 4.6716514)*(-0.33861473),linear,3.6980208e - 7 * x0,O(x0)
oski15a01b21s,1.15411632066052e-6*1.4437937**(3.782993e-7*x0),(1.4437937**(x0*3.782993e-7)*3.066917 + x0)*3.7631156e-7 - exp(-x0 + x0 - 1.2129765 - 0.59345275),linear,0,O(1)
oski15a01b22s,3.51263948011882e-7*x0,(x0 - 1*1.6277604)*(-0.035863996) - 0.06467202*(-x0 + x0*(-0.9326286) + (x0 - 1*1.996286)*1.3780712 - 1*1.9948697 + 2.1094265 + 6.064539) - 0.12262416,linear,3.59969429986062e,O(x0)
oski15a01b23s,3.518697e-7*x0,(x0 - exp(x0 - (-x0**0.13419536 + x0 + 1.0611278) + 1.4574059))*3.518697e-7 + exp(x0**0.13418773)*2.9699357e-5,linear,3.52E-07,O(1)
oski15a01b24s,3.49440682502864e-7*x0,(-x0 + x0*0.99999595 - 1*1.0 - 0.94323003 + 2.2849574)*(-0.08628165) - 0.21036454,linear,3.49440682502864e - 7 * x0,O(x0)
oski15a01b25s,3.79999999994274e-7*x0,x0*(-0.15651006) + (-x0 - 1.277085)*(-0.15651044) - 0.320106,linear,3.79999999994274e - 7 * x0,O(x0)
oski15a01b27s,3.77353328779821e-7*x0,(x0*3.6276879e-6 + x0 - (x0 - 1.2663429) - 1*(-0.97476184))*0.10402034 - 1*0.37030658,linear,1.9984807e - 7 * x0 ** 1.0342518,O(x0^1.0342518)
oski15a01b29s,3.99999999997624e-7*x0,-x0 + x0*(-0.07599895) + x0 + (x0 - 2.2680225)*0.07599935 - 0.37618017 - 1*(-0.36941397),linear,4.13999999997194e - 7 * x0,O(x0)
oski15a01b31s,3.80624711989274e-7*x0,(x0*(-0.18648244) + x0*0.18648283 - 1.174417)*0.9759608 - 1*(-1.2131356),linear,x0,O(x0)
oski15a01b33s,(3.90000000016766e-7*x0 + 0.051185787)**1.0041546,(x0*(-0.19268964) + x0*0.19269003 - 1*(-0.051185787))**1.0041546 - 1*0.12409878,linear,(3.90000000016766e - 7 * x0 + 0.051185787)^K,O(x0^K)
oski15a01b35s,2.3908657e-7*x0,(x0 - (x0*1.14316045e-7)**6.106439)*2.3908657e-7 - (-1.6133216e-8)*(x0 + exp((1.5239744e-8*x0)**6.106439))**1.1197404,linear,0,O(1)
oski15a01b37s,3.448499e-7*x0,(x0 + x0**1.9195863*2.9226348e-9 + x0**(x0*7.1613337e-9))*3.448499e-7,linear,unknown,unknown
oski15a01b39s,(3.28000000000828e-7*x0 - 0.200512550838959)**1.0013821,-x0 + x0 + (-(-0.050171785)*x0 + (x0 + 3.9965463)*(-0.050171457))**1.0013821 + 0.38217506,linear,3.29129115494651e,O(x0)
oski15a01b47s,5.654798e-8*x0**1.1198312,x0**1.1198312*5.654798e-8,linear,x^K,O(x^K)
oski15a01b49s,7.3821872371336e-7*x0,x0*(-x0 - x0 + x0 + x0 + exp(-x0 + x0 - 5.3892713)**(-0.012476637) + 0.6090514)*4.3978147e-7,linear,x0**2,O(x0**2)
oski15a01b55s,8.353427e-8*x0,8.353427e-8*(x0 + x0**1.0612988) - exp((x0**0.13481112 - x0 + x0)**(-0.33956948)) - 1*(-1.7383081),linear,3.238901e,O(x0)
oski15a01b56s,3.53289626631517e-7*x0,-(-0.012727556)*x0 + (-x0 + x0 - (-0.07065289)*(x0*0.99998516 + x0 + 6.00777) + 1.0556222)*(-0.09006919),linear,3.53289626631517e - 7 * x0,O(x0)
oski15a01b57s,3.4000000000145e-7*x0,(x0 - 9.274137)*(-0.09740146) - (x0*(-0.0974018) - 1*(-0.43115893) + 1.2920316) - 1*(-0.55740637),linear,x0,O(x0)
oski15a01b61s,3.7134294e-7*x0,x0*3.7134294e-7 - (-1)*0.051542938*exp(-(-1)*4.1582684e-8*x0 - 0.18488257),linear,2.7658e-7 * exp(1.4166217e-7 * x0),O(exp(1.4166217e-7 * x0))
oski15a01b63s,3.730278e-7*x0,-(-3.730278e-7)*x0 + exp(x0**0.15460046)*1.2251012e-7,linear,0,O(1)
oski15a01b65s,3.6147784e-7*x0**exp(6.826545e-11*x0),3.6147784e-7*x0**exp(x0*6.826545e-11),linear,K^2,O(K^2)
oski15a01b67s,(5.2099505e-8*x0*exp(x0**0.029542137) + 1.00000000002876e-7*x0)**1.0023761,(x0*(exp(x0**0.029542137)*5.2099505e-8 - 0.16672646 - 1*(-0.16672656)))**1.0023761,linear,5.000000000000000e-8 * x0^1.0023761 * exp(0.029612000000000002 * x0^0.029542137),O(x0^1.0023761 * exp(0.029612000000000002 * x0^0.029542137))
oski15a01b69s,1.6269526e-7*x0**1.0464399,1.6269526e-7*x0**1.0464399,linear,3.74292376509322e - 7 * x0,O(x0)
oski15a01b71s,(1.4135749e-7*(x0 + 1.50592759419781*exp(1.4157717e-7*x0))**1.056406 - 0.40940905)**0.99461555,(-x0 + x0 + (x0 + exp(x0*1.4157717e-7 - 1*(-0.40940905)))**1.056406*1.4135749e-7 - 0.40940905)**0.99461555 - 1*(-0.37072805),linear,1.08E-07,O(exp(1.4875e-7
oski15a01b73s,-1.28101623075661e-5*x0,(-x0 + x0 + (x0 - x0**1.0017853)*4.2601885e-5)*(-0.30069473),linear,4.13999999990255e - 7 * x0,O(x0)
oski15a01b75s,3.7919552e-7*x0,(x0 + x0)*1.8959776e-7 + exp((x0 + x0 + x0)*5.931477e-9) - 1*0.90767044,linear,0,O(1)
oski15a01b77s,-0.008403643**exp(x0**(-0.94703716))*x0**exp(x0**(-0.94703716)),-(x0*0.008403643)**exp(x0**(-0.94703716)) + (x0*(-1.0179636) + x0)*(-0.46783644),linear,(-0.008403643,**
oski15a01b79s,3.6017624e-8*x0**1.121162,0.95679516 - (-3.6017624e-8)*x0**1.121162,linear,3.60E-08,O(x0^2)
oski15a10b01s,3.33999999990731e-7*x0,-(-0.101944104)*x0 + (-x0 - 3.06083)*0.10194377,linear,3.3149834e - 7 * x0,O(x0)
oski15a10b13s,1.37365201883785e-8*x0,(x0 + x0**1.0594127*1.0717828e-6 - (x0*(-1.4396858e-7) + x0))*0.09541332,linear,x0**2,O(x0**2)
oski15a10b17s,2.9296368e-7*x0,(x0 + x0**3.0973995*1.4120539e-18)*2.9296368e-7,linear,-2.56E-08,O(x0^2)
oski15a14b01s,4.1276598e-7*x0,0.32528815 - (-4.1276598e-7*x0 + exp(x0*1.9174133e-8)),linear,x0,O(x0)
oski15a14b03s,1.17346900940042e-6*x0,9.638701e-7**exp(-x0 + x0 - 0.014306199)*x0,linear,2.5074766323748e,**
oski15a14b07s,3.31999999998722e-7*x0,x0*(-0.057037983) - (0.26312736 - 0.057038315*x0),linear,x0,O(x0)
oski15a14b09s,3.7393968e-7*x0,x0*3.7393968e-7,linear,3.7393968e - 7 * x0,O(x0)
oski15a14b11s,4.02375e-7*x0,-x0 - (-4.02375e-7)*x0 + x0 + exp((x0**(-0.7910548) + x0 - (x0 + 0.112598956))*2005714.5 - 13.946855),linear,4.02375e - 7 * x0,O(x0)
oski15a14b14s,6.271887e-7*x0**0.9638146,x0**0.9638146*6.271887e-7,linear,x0,O(x0)
oski15a14b15s,4.2399999999887e-7*x0,x0*0.08439511 + (x0 + 4.8616066)*(-0.084394686) + 0.3648554,linear,x0**2,O(x0**2)
oski15a14b16s,1.42122142565194e-6*x0,(-x0 + x0*(-1.6186033e-6) + x0)*(-0.8780542) - 1*(-1.7468911),linear,1.42122142565194e - 6 * x0,O(x0)
oski15a14b18s,3.5225054e-7*x0,x0*3.5225054e-7,linear,x,O(x)
oski15a14b19s,5.2023364e-7*x0,(x0 - exp(-x0 + x0*1.5333922e-7 + x0) - exp(-x0 + x0*1.5849959e-7 + x0))*5.2023364e-7,linear,x0,O(x0)
oski15a14b21s,1.46000000000868e-6*x0,-x0 + x0 + (1.1287643 - x0)*(-0.34948158) + (x0 + x0 - 1.3170189)*(-0.17474006) - 0.82852507 + 0.45657665 + 0.9418664 + 1.227198,linear,1.46000000000868e,O(x0)
oski15a14b23s,7.51573844612566e-24*x0**3,x0*9.2281726e-7*(x0*x0*8.144341e-18 + exp(8.144341e-18**exp(-68.60478/x0**(8.5946260440618e-8*x0)))) + 1.4409665,linear,K,O(K)
oski15a14b25s,1.010000000079e-6*x0,-0.71053547*x0 + x0 - (x0*0.28946352 + 5.370708) + 5.2238297,linear,1.000000000001e - 6 * x0,O(x0)
oski15a14b27s,9.70000000016791e-7*x0,x0*(-0.17529091) + x0*0.17529188 - 1*3.6630247 + 2.422051,linear,9.70000000016791e - 7 * x0,O(x0)
oski15a14b29s,4.39930020012651e-7*x0,1.4664334*(x0*(-0.13360207) - (-0.13360237)*x0 - 0.32573238),linear,4.39930020012651e - 7 * x0,O(x0)
oski15a14b31s,4.7259593127938e-9*x0**1.2662861,x0**1.2662861*(x0*8.66707e-9 - 2.215853)*(-2.1327946e-9),linear,-,O(x0^3)
oski15a14b32s,6.798547e-7*x0,x0*6.798547e-7,linear,6.74999999991654e - 7 * x0,O(x0)
oski2b1i,9.52026621695e-6*x0**0.78969255,(x0*(-4.322525e-5)/x0**0.21030745 - x0 + x0*(-1.1412759e-6) + x0 + 2.5140147)*(-0.2202478) - 1*0.3309203,linear,NA,NA
oski2b2i,3.59999999990923e-7*x0,-0.08269455*x0 + x0*0.08269491 - 0.5189953 + 0.23685735,linear,NA,NA
oski2b3i,4.33599999988266e-7*x0,x0*(-0.14441311) + x0*(-0.0034880764) + (x0 + x0)*0.07395081 - 0.7024468 + 0.24821274,linear,x0**2,O(x0**2)
oski2b4i,1.0782658950025e-6*x0,4.887368 - ((x0*(-0.9999895) + x0)*(-0.10269199) + (-x0 + x0 + 0.37057942)*17.744593),linear,NA,NA
oski2b5i,x0**0.19068508,x0**0.19068508 + x0*(-1.6262001) + x0*(-0.37379903) + x0 + x0 - 18.56861,linear,NA,NA
oski3b3i,4.60000000007676e-7*x0,x0*(-0.07678563) + x0*0.07678609 - 0.35765487,linear,NA,NA
pcip1,4.5395095e-7*x0,(x0 + exp(-x0 + x0*5.001476e-7 + x0 + 0.68803))*4.5395095e-7,linear,NA,NA
pdtpmsarbiter,2.7743985e-7*x0,x0*2.7743985e-7,linear,NA,NA
pdtpmsrotate32,8.324763e-7*x0,x0*8.324763e-7,linear,NA,NA
pdtpmss1269b,4.4937906e-7*x0,x0*4.4937906e-7,linear,NA,NA
pdtpmsusbphy,4.503369e-7*x0,x0*4.503369e-7,linear,NA,NA
pdtvisblackjack1,2.9087732e-7*x0,x0*2.9087732e-7,linear,x0**2,O(x0**2)
pdtvisblackjack2,2.870831e-7*x0,x0*2.870831e-7,linear,x0**2,O(x0**2)
pdtvisgray0,3.3596223e-7*x0,x0*3.3596223e-7,linear,x0**2,O(x0**2)
pdtvishuffman1,2.855858e-7*x0,x0*2.855858e-7,linear,x0,O(x0)
pdtvisminmax0,5.1922626e-7*x0,x0*5.1922626e-7,linear,x0**2,O(x0**2)
pdtvisminmaxr1,6.2724666e-7*x0,x0*6.2724666e-7,linear,x0,O(x0)
pdtvisns2p3,2.0150766e-7*x0**1.0388998,x0**1.0388998*2.0150766e-7,linear,x0,O(x0)
pdtvisretherrtf1,4.869619e-7*x0,x0*4.869619e-7,linear,NA,NA
pdtvisrethersqo0,3.4189586e-7*x0,x0*3.4189586e-7,linear,3.4189992e - 7 * x0,O(x0)
pdtvistwoall3,2.91395e-7*x0,x0*2.91395e-7,linear,x0**2,O(x0**2)
pdtvisvending09,3.3787595e-7*x0,(x0 + exp(x0*9.239944e-7))*3.3787595e-7,linear,NA,NA
pdtvisvsa16a10,3.2885754e-7*x0,x0*3.2885754e-7,linear,NA,NA
pdtvisvsa16a27,9.306266e-8*x0**1.0695499,x0**1.0695499*9.306266e-8,linear,NA,NA
pdtvisvsar22,3.210451e-7*x0,x0*3.210451e-7,linear,NA,NA
pdtvsar8multip23,3.2099493e-7*x0,x0*3.2099493e-7,linear,NA,NA
pdtvsarmultip08,3.2755116e-7*x0/(-x0 + x0 + 1.8976787)**0.052851915,x0*3.2755116e-7/(-x0 + x0 + 1.8976787)**0.052851915,linear,NA,NA
pdtvsarmultip13,3.9600118e-7*x0,x0*3.9600118e-7,linear,NA,NA
pdtvsarmultip29,5.297182e-7*x0,x0*5.297182e-7,linear,NA,NA
pdtvsarmultip30,3.1410562e-7*x0,x0*3.1410562e-7,linear,x0^2,O(x0^2)
pj2002,4.5856953e-7*x0,x0*4.5856953e-7,linear,NA,NA
pj2003,3.0796568e-7*x0,x0*3.0796568e-7 + exp(x0*x0*2.0986373e-16),linear,NA,NA
pj2007,1.819681e-6*x0,x0*1.819681e-6 + exp((1.6408257*x0)**(-0.947012))**(x0*0.26656225 + x0),linear,NA,NA
pj2010,4.557825e-8*x0**1.1384785,x0**1.1384785*4.557825e-8,linear,NA,NA
power2bit128,3.0149062e-7*x0,x0*3.0149062e-7,linear,NA,NA
power2bit8,2.8193404e-7*x0,x0*2.8193404e-7,linear,NA,NA
power2eq2048,4.6358178e-7*x0**0.96439654,x0**0.96439654*4.6358178e-7,linear,NA,NA
power2eq32768,2.6918045e-7*x0,x0*2.6918045e-7,linear,NA,NA
power2eq65536,2.7524922e-7*x0,x0*2.7524922e-7,linear,NA,NA
power2sum128,2.967166e-7*x0,x0*2.967166e-7,linear,NA,NA
prodcellp4,0.00012716996649266*x0**0.3955075,x0*3.9457663e-7 + (x0**0.3955075*0.00317261 - 1.9170291)*(-x0 + x0 + 0.040083706),linear,NA,NA
qspiflash_dualflexpress_divfive-p022,4.4721725e-7*x0,x0*4.4721725e-7,linear,NA,NA
qspiflash_dualflexpress_divthree-p143,4.0946134e-7*x0,x0*4.0946134e-7,linear,NA,NA
qspiflash_qflexpress_divfive-p017,4.4117397e-7*x0,x0*4.4117397e-7,linear,NA,NA
rast-p11,0.410978959182308*exp(0.021213977*x0**0.2941835),exp(x0**0.2941835*0.021213977 - 0.88921326),linear,NA,NA
rast-p18,8.72122855044566e-7*x0,x0 - 0.71732175*(x0*0.39407334 + x0),linear,NA,NA
rast-p19,7.69999999983284e-7*x0,-0.25470173*x0 + x0*0.2547025 + 1.8528866,linear,NA,NA
shift1add256,2.7529342e-7*x0,x0*2.7529342e-7,linear,NA,NA
shift1add262144,2.595011e-7*x0,x0*2.595011e-7,linear,NA,NA
shift1add512,2.7519593e-7*x0,x0*2.7519593e-7,linear,NA,NA
simple_alu,3.0011827e-7*x0,x0*3.0011827e-7,linear,NA,NA
srg5ptimo,4.5508386e-7*x0,x0*4.5508386e-7,linear,NA,NA
stack-p2,3.7840013e-7*x0,x0*3.7840013e-7 - 0.5919675,linear,NA,NA
texasifetch1p1,3.3944332e-7*x0,x0*3.3944332e-7,linear,NA,NA
texasifetch1p8,2.1313807e-7*x0,x0*2.1313807e-7 + (-x0 + x0 + 0.13583232)*0.048044037,linear,NA,NA
texasparsesysp2,3.8284867e-7*x0,x0*3.8284867e-7,linear,NA,NA
vcegar_QF_BV_ar,2.8622853e-7*x0,-(-1)*2.8622853e-7*(x0 - exp(x0*1.7589997e-7)) - 0.3323624,linear,NA,NA
vgasim_imgfifo-p047,6.7317336e-7*x0**0.95800555,x0**0.95800555*6.7317336e-7,linear,NA,NA
visemodel,3.1835842e-7*x0,x0*3.1835842e-7,linear,NA,NA
visprodcellp01,5.869315e-7*x0,x0*5.869315e-7 - (-x0 + x0 - 0.23562622),linear,NA,NA
zipcpu-busdelay-p43,2.3785958e-6*x0,x0*2.3785958e-6 - 1*4.2055945,linear,NA,NA
zipcpu-pfcache-p13,1.2862606e-7*x0**1.0716133,x0**1.0575013*1.6486827e-7,linear,x0^2,O(x0^2)
zipcpu-pfcache-p20,4.106878e-7*x0,x0*4.106878e-7,linear,NA,NA
zipcpu-pfcache-p27,3.79320556940071e-7*x0,x0*4.192982e-7*0.968103**(-x0 + x0 + 3.0910127) - x0 + x0 - 2.8661938 + 3.0910127,linear,NA,NA
zipcpu-pfcache-p28,3.4786573789157e-8*x0,x0*(x0 - (x0**0.22024213 + x0 + 5.182042))*(-6.7129085e-9) + exp(-x0 + x0 - 0.49946764 - 1*(-0.6193075)),linear,NA,NA
zipcpu-zipmmu-p02,6.39999999947349e-5*x0,-121.87859*x0 + x0 - (x0*(-121.878654) + x0) - 32.720737 + 8.735911,linear,NA,NA
zipcpu-zipmmu-p09,4.6959835e-7*x0,x0*4.6959835e-7 + 0.38209796,linear,NA,NA
zipversa_composecrc_prf-p00,3.2454787e-7*x0,x0*3.2454787e-7,linear,NA,NA
zipversa_composecrc_prf-p07,8.7392647e-7*x0**0.9555471,x0**0.9555471*8.7392647e-7,linear,NA,NA
zipversa_composecrc_prf-p11,1.0567247e-7*x0**1.0802789,x0**1.0802789*1.0567247e-7,linear,NA,NA
zipversa_composecrc_prf-p15,1.25273790008151e-7*x0**2,(x0 + exp((x0 - (x0*(-1.5924289e-7) + x0) + 0.6877574)**1.0539553)*(-2.0223064))*4.8077123e-7 - 0.24226451,linear,1.25273790008151e - 7 * x0^2,O(x0^2)
zipversa_composecrc_prf-p17,4.5317302e-7*x0,x0*4.5317302e-7,linear,NA,NA
zipversa_composecrc_prf-p22,4.87145239924658e-7*x0,x0*6.4962836e-7 + x0 - (x0*1.6248312e-7 + x0) - 1*1.5150726 + 1.5891373,linear,NA,NA
6s108,-0.00023970644*x0,-0.00023970644*x0 + x0**1.5235777*1.8608415e-7,polynomial,0,O(1)
6s120,6.323132e-9*x0**1.6711035,x0**1.6711035*6.323132e-9,polynomial,1.06E-08,**\n
6s194,4.34154940489908e-11*x0**1.9419801,x0**1.9419801*(x0 - (x0 + 0.25305498))*(-1.7156546e-10),polynomial,4.34154940489908e - 11 * K^2,O(K^2)
6s273b37,1.22398565e-14*x0**2,-x0 + x0*1.22398565e-14*x0 + x0 - (-x0 + x0*(-1.0851364e-7) + x0*0.99999976 - 1*1.1059405 + 1.6048468),polynomial,1.22398565e,Will
6s310r,0.00675831415912301*exp(x0**0.17116563),exp(x0**0.17116563 - x0 + x0 - 1*4.234936 - 1*0.58725375)*0.8396316,polynomial,0.00675831415912301 * exp(x0 ** 0.17116563),O(exp(x0 ** 0.17116563))
6s325rb072,3.2063385e-10*x0**1.7162415,x0**1.7162415*3.2063385e-10,polynomial,x0^2,O(x0^2)
6s374b114,(8.533967e-11*x0**1.5198421 + 5.7807371 - 6.521826664715*exp(-8.533967e-11*x0**1.4124684))**0.99785006,(x0 - (-8.533967e-11)*x0**1.5198421 - (x0 + exp(1.8751545 + x0**1.4124684*(-8.533967e-11))) + 1.5198421 + 4.260895)**0.99785006 + 0.77708304,polynomial,8.97E-11,**
6s421rb083,-0.015925191*x0**0.8732489,-0.015925191*x0**0.8732489 + x0*0.0028408158 + exp((x0 - (x0 - 1.1215042) + 0.24381208)**4.81944),polynomial,0,O(1)
6s43,4.78772182883628e-17*x0**3,(-x0*(x0*1.9506263 - (-15.437578)*x0 + 1.8037689) + x0*17.388214*x0)*4.9357957e-12*x0,polynomial,4.78772182883628e - 17 * x0^3,O(x0^3)
beemptrsn4b1,-x0**0.3106943,-x0**0.3106943 + exp(x0 - (x0**(-0.06723615) - x0 + x0 + x0) + (x0**0.687224)**0.2838984 - 5.245635),polynomial,0,O(1)
bj08amba2g3f3,0.5481537*exp(exp(0.21627864*x0**0.15578444)),exp(exp(0.21627864*(x0**0.15578444 - x0 + x0)))*0.5481537,polynomial,0.5481537,O(exp(exp(0.21627864
bob12s03,4.176374e-12*x0**2,x0*x0*4.176374e-12,polynomial,4.176374e,O(x0^2)
bobcount,8.518082e-10*x0**2,8.518082e-10*x0*x0,polynomial,8.518082e - 10 * x0^2,O(x0^2)
boblivea,1.73980698689198*exp(0.008393654*x0**0.49567702),exp(0.008393654*x0**0.49567702 - x0 - x0 + x0 + x0 + 0.27158988 + 0.2821843),polynomial,1.73980698689198 * exp(0.008393654 * x0**0.49567702),O(exp(x0**0.49567702))
boblivear,4.100061e-9*x0**2,x0*4.100061e-9*x0,polynomial,4.100061e-9 * x0^2,O(x0^2)
bobsm5378d2,exp(0.08791455*x0**0.28765112),exp(x0**0.28765112*0.08791455),polynomial,exp(0.08791455,O(exp(0.08791455
bobtuint08neg,5.295081e-12*x0**2,x0*x0*5.295081e-12,polynomial,5.295081e - 12 * x0^2,O(x0^2)
bobtuint09neg,1.030376**(x0**0.33610865),1.030376**(x0**0.33610865),polynomial,1.030376 ^ (x0 ^ 0.33610865),O(1.030376 ^ (x0 ^ 0.33610865))
cal159,1.016161**(x0**0.36585626),1.016161**(x0**0.36585626),polynomial,1.016161^(x0^0.36585626),O(1.016161^(x0^0.36585626))
cal161,2.49107715971881e-5*x0,(x0*0.00013901512 - 2180.0571)*exp(-x0 + x0 - 1.7192824) + 331.3098,polynomial,2.49107715971881e - 5 * x0,O(x0)
cal162,0.965229144641567*1.028977**(x0**0.33069116),1.028977**(x0**0.33069116 + x0 - (-x0 - x0 + x0 + x0 + x0 - 0.48519433 + 1.7241098)),polynomial,0.965229144641567 * (1.028977 ^ (x0 ^ 0.33069116)),O(1.028977 ^ (x0 ^ 0.33069116))
cal35,exp(0.046632536*x0**0.34089446),exp(x0**0.34089446*0.046632536),polynomial,exp(0.046632536 * x0 ** 0.34089446),O(exp(0.046632536 * x0 ** 0.34089446))
cal37,exp(1.1662419**(x0**0.17272924)),exp(1.1662419**(x0**0.17272924)),polynomial,exp(1.1662419 * (x0 ** 0.17272924)),O(exp(1.1662419 * (x0 ** 0.17272924)))
cal41,3.806326e-15*x0**2.7269208,x0**2.7269208*3.806326e-15,polynomial,x0 ** 3,O(x0^3)
eijks208c,3.3805573e-8*x0**1.8256205,x0**1.8256205*3.3805573e-8,polynomial,1.2485617e - 7 * x0**1.7217263,O(x0**1.7217263)
eijks208o,8.1530676e-9*x0**1.94141,x0**1.94141*8.1530676e-9,polynomial,x0^2,O(x0^2)
eijks298,2.9540708e-9*x0**1.7732075,x0**1.7732075*2.9540708e-9,polynomial,2.95E-09,O(x0^2)
eijks386,exp(0.006338109*x0**0.4932295),exp(x0**0.4932295*0.006338109),polynomial,exp(0.006338109,O(exp(0.006338109
eijks420,2.4096587e-9*x0**2,x0*2.4096587e-9*x0,polynomial,1.7807753e - 7 * x0^2,O(x0^2)
eijks510,-x0**0.47948915,-x0**0.47948915 + x0*0.001659612,polynomial,0,O(1)
eijks713,5.6614087e-9*x0**1.7034744,x0**1.7034744*5.6614087e-9,polynomial,9.645e-9 * x0^K,O(x0^K)
eijks820,-1.53270031220845*x0**0.33309048,-(x0*3.6039386)**0.33309048 + exp(1.014282*(x0**0.15964739 - x0 + x0 - 3.207428 + 0.39207774)),polynomial,x0^2,O(x0^2)
eijks832,6.424529e-10*x0**1.957975,x0**1.957975*6.424529e-10,polynomial,9.63E-10,O(x0^2)
eijks953,4.2452694e-10*x0**2,x0*4.2452694e-10*x0,polynomial,x0^2,O(x0^2)
h_TreeArb,5.3202402e-8*x0**1.6525662,x0**1.6525662*5.3202402e-8,polynomial,x0^2,O(x0^2)
intel031,3.549006e-10*x0**1.4898553,3.549006e-10*x0**1.4898553,polynomial,x^2,O(x^2)
kenoopp1,1.0000011**x0,1.0000011**x0,polynomial,1.0000011^x0,O(1.0000011^x0)
picorv32-check-p12,1.0214664**(x0**0.337061),1.0214664**(x0**0.337061),polynomial,NA,NA
pj2006,1.0058522**(x0**0.40061012),1.0058522**(x0**0.40061012),polynomial,NA,NA
qspiflash_dualflexpress_divfive-p016,1.4223722e-15*x0**2.4070492,x0**2.4070492*1.4223722e-15,polynomial,NA,NA
qspiflash_dualflexpress_divfive-p037,3.3217883e-11*x0**1.9287261,x0**1.9287261*3.3217883e-11,polynomial,NA,NA
qspiflash_dualflexpress_divfive-p050,4.1363357e-9*x0**1.6089113,4.1363357e-9*x0**1.6089113,polynomial,NA,NA
qspiflash_dualflexpress_divfive-p097,6.2482037e-9*x0**1.5986648,x0**1.5986648*6.2482037e-9,polynomial,NA,NA
qspiflash_dualflexpress_divfive-p112,exp(1.0219251*1.0869508**(x0**0.20172685)),exp((1.0869508**(x0**0.20172685) - x0 + x0)*1.0219251),polynomial,NA,NA
qspiflash_dualflexpress_divfive-p164,2.6285465e-9*x0**1.6405095,2.6285465e-9*x0**1.6405095,polynomial,NA,NA
qspiflash_dualflexpress_divthree-p136,1.6469769e-9*x0**1.6753594,x0**1.6753594*1.6469769e-9,polynomial,NA,NA
qspiflash_dualflexpress_divthree-p141,8.437e-12*x0**2.0949697,x0**2.0949697*8.437e-12,polynomial,NA,NA
qspiflash_qflexpress_divfive-p029,6.672197e-11*x0**1.8718778,x0**1.8718778*6.672197e-11,polynomial,NA,NA
qspiflash_qflexpress_divfive-p036,8.849977e-12*x0**2,x0*8.849977e-12*x0,polynomial,NA,NA
qspiflash_qflexpress_divfive-p038,7.0208305e-12*x0**2,x0*x0*7.0208305e-12,polynomial,NA,NA
qspiflash_qflexpress_divfive-p048,(3.4633737e-7*x0 + 0.9839707)**2.5057108,(0.9839707 - (-3.4633737e-7)*x0)**2.5057108,polynomial,NA,NA
qspiflash_qflexpress_divfive-p064,8.207515e-12*x0**2,x0*x0*8.207515e-12,polynomial,NA,NA
qspiflash_qflexpress_divfive-p113,1.2856652e-9*x0**1.6543555,1.2856652e-9*x0**1.6543555,polynomial,NA,NA
qspiflash_qflexpress_divfive-p122,1.0057027**(x0**0.40750325),1.0057027**(x0**0.40750325) - exp(-x0 + x0 + 1.1926619),polynomial,NA,NA
qspiflash_qflexpress_divfive-p137,0.000460081918794683*exp(x0**0.17275973),exp(x0**0.17275973 - 7.684106),polynomial,NA,NA
qspiflash_qflexpress_divfive-p139,2.0315986e-10*x0**1.8621831,x0**1.8621831*2.0315986e-10,polynomial,NA,NA
texaspimainp01,5.98092e-8*x0**1.4364777,5.98092e-8*x0**1.4364777,polynomial,NA,NA
vcegar_arrays_itc99_b12_p2,8.064079e-11*x0**2,x0*8.064079e-11*x0,polynomial,NA,NA
zipcpu-zipmmu-p00,7.653249e-9*x0**1.6000496,x0**1.6000496*7.653249e-9,polynomial,NA,NA
zipcpu-zipmmu-p14,8.6753e-12*x0**2,x0*x0*8.6753e-12,polynomial,NA,NA
zipcpu-zipmmu-p26,7.6534036e-7*x0**1.3089035,x0**1.3089035*7.6534036e-7,polynomial,NA,NA
zipcpu-zipmmu-p31,1.0479871e-12*x0**2.1307929,x0**2.1307929*1.0479871e-12,polynomial,NA,NA
zipcpu-zipmmu-p33,1.3455948e-8*x0**1.5562549,x0**1.5562549*1.3455948e-8,polynomial,NA,NA
6s320rb0,-x0**3,-x0*(93.73119 - x0*(27.82235 - x0)) - x0 + x0 - 102.11476 - 1*(-33.1243) + 135.98932,too few data,NA,NA
6s428rb098,0.04,0.04,too few data,NA,NA
oski15a01b02s,3.435*x0,x0*3.435 - 1*2.935 + exp(-288.0647),too few data,x0**2,O(x0^2)
oski15a01b03s,-x0,6.2516937 - (x0 - (x0*0.23595428)**2.0929873 + (x0**0.3401617 - 0.29557964)**(-8.254293) + exp(-x0 - 3.6056933) - 13.271429),too few data,NA,NA
oski15a01b41s,2.7453997*x0**2,x0*(x0*2.7453997 - 30.242796) + 28.047396,too few data,5.4907994 * K^2,O(K^2)
oski15a01b51s,15.633*x0,x0*15.633 - 1*15.053,too few data,x0,O(x0)
oski15a01b59s,2.7360094*x0**2,(x0 - 1.0174228)*(x0 - (-1.7360094*x0 + exp(0.35085797**x0)*9.062126) - 19.137583),too few data,NA,NA
oski15a01b70s,0.007531473*exp(x0),exp(x0)*0.007531473 + 0.4995273,too few data,0.007531473,O(exp(x0))
oski15a08b03s,0.0044600074*x0**3,x0*(x0*(x0*0.0044600074 - 0.13688053) + 5.382391) + x0 - 1*5.0696483 - 1*(-0.13964696),too few data,NA,NA
oski15a08b05s,-0.00030763418*x0**4,x0*(x0*(-0.00030763418*x0*x0 + x0*0.02205781 - 0.47988823) + 8.389183) - exp(x0*(-7.569647)) - 6.549931,too few data,0,O(1)
oski15a08b14s,-0.06681704**x0,-0.06681704**x0 + (-0.64706135**x0 + 0.90046847**x0 + 1.1349705)**x0 + exp(((-0.755053**x0*34.157654)**x0 + 0.90058446)**x0),too few data,NA,NA
oski15a08b15s,0.00047472076*x0**4,(x0 - 1*0.61556965)*(x0*(x0*(x0 - 60.53972)*0.00047472076 + 0.49898127) + 3.0413203),too few data,x0^K,O(x0^K)
pdtpmscoherence,1.3566465*x0,((x0 - 1*14.494086)*0.018746495*x0**1.1937128 + 1.3566465)*(x0 + exp(x0 - (x0*0.6182442)**1.1937133)*0.018746126 - 1*2.3675091) - 1*(-1.436332),too few data,NA,NA
shift_register_top_w16_d64_e0,3.659433*x0**2,(x0*(x0 - 11.94662) - exp(x0*(-0.7453815)*x0) + 11.426638)*3.659433,too few data,NA,NA
shift_register_top_w16_d8_e0,6.383457e-5*x0,x0*6.383457e-5,too few data,NA,NA
139442p1,5.3790214e-12*x0**1.8714151,5.3790214e-12*x0**1.8714151,unknown,1.01E-11,**\nThe
6s122,exp(1.59715835162531*exp(exp(4.917917e-14*x0**2))),exp(exp(x0 - (x0 - 1*0.46822602) + exp(x0*x0*4.917917e-14))),unknown,exp(1.59715835162531 * exp(exp(4.917917e - 14 * x0^2))),O(exp(1.59715835162531 * exp(exp(4.917917e - 14 * x0^2))))
6s134,x0**0.330042,x0**0.330042,unknown,x^2,O(x^2)
6s149,2.92980739780733e-6*x0,(x0 - (x0*(-8.274553) + x0 + x0*9.274552 - (x0 + 2.0288568)))*2.9298074,unknown,2.92980739780733e - 6 * x0,O(x0)
6s159,4.30146227144429*exp(5.78673902744582e-8*x0),exp(0.101146795*(x0*5.4640684 - (x0 - (-4.464067)*x0) - 0.5913479*(x0*5.4640684 - (x0 - (-4.464067)*(x0 - 1*(-4.464067)) - 1*(-4.464067))))),unknown,4.30146227144429 * exp(5.78673902744582e - 8 * x0),O(exp(5.78673902744582e - 8 * x0))
6s271rb079,7.60000000044059e-7*x0,x0*(-1.3549657) - x0 - 0.64503354*x0 + x0 + x0 + x0,unknown,7.60000000044059e - 7 * x0,O(x0)
6s309b046,45.38659513,exp(-x0 + x0 + 3.8152168),unknown,45.38659513,O(1)
6s317b14,3.48231116073548*exp((x0**0.1379958 - x0 + x0 - 3.8246431)**1.4320521),exp((x0**0.1379958 - x0 + x0 - 3.8246431)**1.4320521 + 1.2476962),unknown,3.48231116073548 * exp(x0 ^ 0.19760799583398),O(exp(x0 ^ 0.19760799583398))
6s319r,1.3149881**(3.4061779432096*1.1790507**(4.999999996258e-7*x0)),1.3149881**(1.1790507**(x0 + x0 - (-3.9729347)*(x0 + 1.1424831) - (x0 - (-1)*4.9729342*x0 - 0.2976906) - 1*(-1.2684991) - 1*(-1.3357177))),unknown,1.3149881,**
6s329rb19,0.00087546394*x0**0.60694,x0**0.60694*0.00087546394 - x0 + x0 - (exp(x0**0.015700731) + 2.2496777),unknown,0.00087546394,O(x0)
6s329rb20,4.55999999982026e-7*x0,x0*0.118947156 + x0 - (x0 - (-x0 + (x0 + 1.3170786)*0.8810533 + 6.1336565) + 2.1804545) - 1*1.9435185 - 1*1.8930422 + 2.4295356,unknown,4.55999999982026e - 7 * x0,O(x0)
6s342rb131,4.00000000011502e-7*x0,x0*1.3642443 - (x0 - (-1.3642439*x0 + x0 - 6.100047) + 7.021408) - 3.7419064 + 13.830389,unknown,4.00000000011502e - 7 * x0,O(x0)
6s362rb1,-4.5786402e-7*x0**2,(x0 - (x0 - ((x0 - 1*2.251315)*(-1.9960488e-7) - 1*0.0042333296)) + 0.00715135)*3.0790625*x0 - 0.23692407,unknown,0,O(1)
6s374b029,8.99999999859347e-7*x0,-5.875171*x0 + x0 + (-x0 + x0 + 4.7706738)*1.6725771 + (x0 + x0 + x0 - 5.810646)*1.6250573,unknown,8.99999999859347e - 7 * x0,O(x0)
6s391rb379,exp(x0**0.08862342),exp(x0**0.08862342) - 43.453938,unknown,exp(x0 ** 0.08862342),O(exp(x0 ** 0.08862342))
6s403rb1342,4.50000000096207e-7*x0,-x0 + x0*(-0.35630685) + x0*1.3563073,unknown,4.50000000096207e - 7 * x0,O(x0)
6s41,2.7777594e-10*x0**2,x0*x0*2.7777594e-10,unknown,2.7777594e - 10 * x0^2,O(x0^2)
6s410rb043,7.56700000259514e-6*x0,x0*(-30.369635) - x0 - x0 + x0*(-0.012782433) + x0 + x0 + x0 + x0*29.382425 - 68.977905 - 1*11.313935,unknown,x,O(x)
6s515rb1,3.7218724e-5*x0,x0*3.7218724e-5,unknown,3.7218724e - 5 * x0,O(x0)
6s7,0.00045019574*x0,x0*0.00045019574,unknown,0.00045019574 * x0,O(x0)
abp4p2ff,2.9923413e-5*x0,x0*2.9923413e-5,unknown,2.9923413e - 5 * x0,O(x0)
arbitrated_top_n3_w32_d16_e0,0.009643937*x0,x0*0.009643838,unknown,x0,O(x0)
arbitrated_top_n5_w8_d32_e0,3.8509208e-7*x0,x0*3.8509208e-7 - (-1)*1.9590648e-6*exp((x0 + x0)**0.39812776*(-x0 + x0 + 0.052268393)),unknown,3.8509208e - 7 * x0,O(x0)
bc57sensorsp0,2.7795868e-5*x0,x0*2.7795868e-5,unknown,2.7795868e - 5 * x0,O(x0)
bc57sensorsp1,3.2203563e-5*x0,x0*3.2203563e-5,unknown,x0,O(x0)
bc57sensorsp1neg,2.99999999811007e-5*x0,x0 + x0*462.07047 + (x0 + x0)*(-231.53522),unknown,2.99999999811007e - 5 * x,O(x)
beembrptwo3b2,(0.33209002*exp(x0**0.06505392) - 1.77103765)**5.6177793,(-(-x0 + x0 - 0.33209002*exp(x0**0.06505392) - 0.13702865) - 1.9080663)**5.6177793,unknown,0.0020509068 * exp(0.3654499099776 * x0^0.06505392),O(exp(x0^0.06505392))
beemcycschd3b1,1.3865241e-5*x0,x0*1.3865241e-5,unknown,1.3865241e - 5 * x0,O(x0)
beemelev1f1,3.7750957e-5*x0,x0*3.7750957e-5,unknown,3.7750957e-5 * x0,O(x0)
beemelev2f1,2.62300000105631e-5*x0,x0*(-210.24745) - 0.53385377*x0 + x0 + x0*209.78133,unknown,2.62300000105631e - 5 * x0,O(x0)
beemfwt2b2,6.26955683506886e-12*x0**1.7737339,(x0*4.831467e-7)**1.7737339,unknown,1.11E-11,O(x0^K)
beemlmprt8f1,0.000230000000101427*x0,x0*(-1774.9738) + x0*(-651.74097) - (-1213.3575)*(x0 + x0),unknown,0.000230000000101427 * x0,O(x0)
beemptrsn1b1,0.74166775*exp(0.30811512*x0**0.21794698),0.74166775*exp(x0**0.21794698*0.30811512 - x0 + x0),unknown,0.74166775 * exp(0.30811512 * x0^(0.21794698)),O(exp(x0^(0.21794698)))
beemskbn3f1,exp((1.29999999991526e-5*x0 + 7.8562042032804)**(x0**(-0.06999242))),exp((x0*(-22.629465) + x0 + (x0 + 0.5021618)*45.25987 + (x0 + 0.6908793)*(-22.630392) - (x0 - 1*0.7632958))**(x0**(-0.06999242))),unknown,e,O(1)
bj08amba2g4f3,2.8517185e-5*x0,x0*2.8517185e-5,unknown,x0,O(x0)
bj08aut82,2.8290975e-7*x0,x0*2.8290975e-7,unknown,2.8290975e - 7 * x0,O(x0)
bj08vendingcycle,(9.92462e-7*x0 + 0.99002963*exp(5.65873135061045e-10097*exp(-5.84066800567754e-10*x0**2 + 0.00736968779227122*x0)*exp(9.59711346798796e-17*x0**3 - 1.21095275227628e-9*x0**2 + 0.0038199156786487*x0)))**1.0298647,(x0*9.92462e-7 + exp(exp((x0*4.578398e-6 - 1*27.863485)*(x0*4.578398e-6 - 1*28.88485)*(x0*4.578398e-6 - 1*28.88485)))*0.99002963)**1.0298647,unknown,0.9897000000000001 * exp(5.82767099201581e - 10097 * exp(9.59711346798796e - 17 * x0**3 - 1.79501955284393e - 9 * x0**2 + 0.01118960347091992 * x0)),O(exp(exp(x0^3)))
bob2,3.0696828e-10*x0**2,x0*3.0696828e-10*x0,unknown,x0^2,O(x0^2)
bob9234spec5neg,1.2092044e-5*x0,x0*1.2092044e-5,unknown,1.2092044e-5 * x0,O(x0)
bob9234spec6neg,7.932763e-6*x0,x0*7.932763e-6,unknown,x,O(x)
bobsmdct,1.6483204e-5*x0,x0*1.6483204e-5,unknown,1.6483204e,O(x0)
bobsynth09neg,1.0694858**(x0**0.25876686),1.0694858**(x0**0.25876686),unknown,1.0694858,O(x0)
bobsynthetic2,1.284446433978*1.0285997**(6.99999999831391e-6*x0),1.0285997**(x0*(-8.877389) - x0 - x0 + x0 - (-1)*9.877396*x0 - 1*(-8.877389)),unknown,1.284446434,O((1.0285997)^(6.99999999831391e
bobsynthor,6.5865686e-7*x0,x0*6.5865686e-7 + exp(x0 - x0**exp(x0**(-0.9653572)))*14.046516,unknown,x0,O(x0)
bobtuint12neg,1.5473603e-5*x0,x0*1.5473603e-5,unknown,1.5473603e - 5 * x0,O(x0)
bobtuint16neg,2.2746668e-12*x0**2,x0*2.2746668e-12*x0,unknown,2.2746668e - 12 * x0^2,O(x0^2)
bobtuint17neg,2.4085291e-5*x0,x0*2.4085291e-5,unknown,x0**2,O(x0**2)
bobtuint18neg,4.221307e-10*x0**1.6713252,x0**1.6713252*4.221307e-10,unknown,7.05E-10,O(x0^2)
bobtuint19neg,2.0853322e-5*x0,x0*2.0853322e-5,unknown,x0,O(x0)
bobtuint20neg,2.268298e-12*x0**2,x0*x0*2.268298e-12,unknown,2.268298e - 12 * x0^2,O(x0^2)
bobtuint21neg,2.414349e-5*x0,x0*2.414349e-5,unknown,2.414349e - 5 * x0,O(x0)
bobtuint22neg,2.6517875e-5*x0,x0*2.6517875e-5,unknown,x0,O(x0)
bobtuttt,4.5171064e-6*x0,x0*4.5171064e-6,unknown,x,O(x)
brpp1,2.6562275e-5*x0,2.6562275e-5*x0,unknown,2.6556421e - 5 * x0,O(x0)
circular_pointer_top_w128_d8_e0,9.99999998896328e-6*x0,x0*(-102.30253) + 102.30254*x0,unknown,9.99999998896328e - 6 * x,O(x)
circular_pointer_top_w16_d32_e0,4.5265064e-5*x0,x0*4.5265064e-5,unknown,4.5265064e,O(x0)
circular_pointer_top_w32_d16_e0,exp(0.0299842378304537*x0**0.32413635),exp((-86.68133*x0 + x0*86.68135)**0.32413635),unknown,exp(0.009720000000000001,**
circular_pointer_top_w32_d32_e0,3.2276086e-5*x0,x0*3.2276086e-5,unknown,3.2276086e-5 * x0,O(x0)
circular_pointer_top_w64_d8_e0,1.7165265e-5*x0,x0*1.7165265e-5,unknown,1.7165105e - 5 * x0,O(x0)
circular_pointer_top_w8_d16_e0,3.448798e-5*x0,x0*3.448798e-5,unknown,3.448798e - 5 * x0,O(x0)
cmugigamax,9.933741e-9*x0**1.6066817,9.933741e-9*x0**1.6066817,unknown,x^2,O(x^2)
counterp0,1.0000015**x0,1.0000015**x0,unknown,1.0000015 * x^K,O(x^K)
csmacdp2,0.000100000000088585*x0,x0*0.000102516075,unknown,0.000100000000088585 * x0,O(x0)
eijkbs4863,4.59605694373151e-17*x0**3,x0*(x0 - (-(-5.190281e-8)*x0 + x0) - 0.39979666)*x0*(-8.8551216e-10),unknown,4.59605694373151e,**
gen10,15.9161895198689*exp(0.09992898*1.1426592**(x0**0.19856356)),exp((1.1426592**(x0**0.19856356) - x0 + x0)*0.09992898 + 2.7673368),unknown,15.91618952,O(exp(1.1426592^(x0^0.19856356)))
gen12,8.0905274e-8*x0**1.3366536,x0**1.3366536*8.0905274e-8,unknown,2.8456564e-9 * x0^2,O(x0^2)
gen14,2.2935083e-9*x0**1.5475017,x0**1.5475017*2.2935083e-9,unknown,1.3712843e,**
gen21,8.126914e-12*x0**1.884098,x0**1.884098*8.126914e-12,unknown,K^2,O(K^2)
gen31,2.54380859932013e-7*x0*exp(x0**0.13188298),(0.004653172 - (x0 - (-(-2.5438086e-7)*x0 + x0)))*exp(x0**0.13188298),unknown,2.54E-07,**
gen35,5.1765775e-12*x0**2,x0*x0*5.1765775e-12,unknown,1.0402395 * x0,O(x0)
gen39,9.4796405e-8*x0**1.3045433,x0**1.3045433*9.4796405e-8,unknown,1.0308000000000001e-07 * x0,O(x0)
intel001,3.73293e-14*x0**2.4586387,x0**2.4586387*3.73293e-14,unknown,3.73293e - 14 * x0^3,O(x0^3)
intel004,4.82961e-15*x0**2.6199348,x0**2.6199348*4.82961e-15,unknown,5.4807877e - 11 * x0^2,O(x0^2)
intel007,-2.15417524247856*x0**0.35636976,-x0 + (-1.9985672*x0**0.35636976 - x0 + x0*255.219 + (x0 - 1*0.36731485)*(-253.29106))*1.0778598,unknown,9.14E-10,**\n
intel009,4.06226020253409/(1.1396906**(-8.99999999859347e-7*x0))**0.7010936,(1.1396906**(x0 - (x0 + x0*4.9466786 + (0.9867302 - x0)*4.9466777 - 1*4.9466777 + 9.053693) - 6.302634))**(-0.7010936) - 1*5.7796803,unknown,x0,O(x0)
intel012,exp(1.73943544054972*exp(x0**(-0.07951737))),exp(exp(x0 - (-1/x0**0.07951737 + x0 - 0.73684436) + 0.055684038)*0.78744024) + 2.5015638,unknown,11.23436,O(1)
intel017,7.975919e-6*x0,(x0 - (x0 - 1*1.0))*x0*7.975919e-6,unknown,2.71828182845905 * exp(2.7475243769004e - 7 * x0),O(exp(2.7475243769004e - 7 * x0))
intel024,-0.000154841662764346*x0**2*exp(x0**(-1.0038564)),(-x0 + (x0*(-5.6338587e-7) + x0)*exp(x0**(-1.0038564)))*x0*(-0.00015484175),unknown,-0.000284,O(1)
intel026,6.908126e-12*x0**2,x0*6.908126e-12*x0,unknown,0.000430756820048148 * 2.4696803 ** (x0 ** 0.17110884),O(2.4696803^(x0^0.17110884))
intel035,9.53668607649762e-27*x0**3.6633048,((x0*(-31.943768) - x0 + x0*32.943764)*(-0.019719662))**3.6633048,unknown,15.495422 ^ (x0 ^ (0.4317498031599999 * x0)),O(15.495422 ^ (x0 ^ (0.4317498031599999 * x0)))
intel036,6.60182818538175e-6*x0,(x0*(-4.9987328e-5) - (-5.005624e-5)*x0 + x0 + x0 - (x0 + x0) - 0.57639235)*95.80085,unknown,1.82437035941161e - 7 * x0,O(x0)
intel039,1.0999999993544e-5*x0,-15.508146*x0 + x0 + x0 + x0 + x0*59.8229 - 47.314743*(x0 + 1.5924593) + 9.821136 + 9.821136,unknown,9.27913479685926e - 7 * x0,O(x0)
intel040,3.73369393198404e-18*x0**2.5575368,x0**2.5575368*exp(x0 + x0 - (x0 + x0 + 6.2749696) - 1*33.854164),unknown,3.73369393198404e - 18 * x^3,O(x^3)
intel043,exp(0.027812714326095*x0**0.29793215),exp((x0*(-32.130024) - x0 + x0*33.13003)**0.29793215),unknown,exp(0.027812714326095 * x0^0.29793215),O(exp(0.027812714326095 * x0^0.29793215))
intel063,1.5219823e-13*x0**2.1569426,x0**2.1569426*1.5219823e-13,unknown,8.2660434e,O(x0^3)
irstdme5,0.00013182685*x0,x0*0.00013182685,unknown,x0,O(x0)
irstdme6,0.000278576279930072*x0,(x0*1044.3186 + (x0*x0*0.34453112)**0.15014394 - 1044.3184*(x0 + 0.13138156))*1.3928814,unknown,0.000278576279930072 * x0,O(x0)
kenflashp01,2.3390528e-5*x0,x0*2.3390528e-5,unknown,2.3390528e-5 * x0,O(x0)
kenflashp11,2.7831451e-5*x0,x0*2.7831451e-5,unknown,2.7831451e-5 * x0,O(x0)
mentorbm1and,0.876083007239513*1.3223543**(0.243731468173649*exp(x0**0.09109456)),1.3223543**(exp(x0**0.09109456 - 1.4116882) - exp(-x0 + x0 + x0 + x0 - (x0 + x0) - 1.7339991 + 0.9863356)),unknown,(0.876083007239513 * 0.243731468173649 * exp(x0 ^ 0.09109456)) * 1.3223543^K,O(1.3223543^K)
mentorbm1p02,exp(0.0013751799*x0**0.45331287),exp(x0**0.45331287*0.0013751799),unknown,0.422148192301267 * exp(0.008949281 * x0^0.35811257),O(exp(x0^0.35811257))
mentorbm1p05,4.449021e-6*x0,x0*4.449021e-6,unknown,unknown,unknown
mentorbm1p07,1.0429033e-5*x0,x0*1.0429033e-5,unknown,1.0429033e-5 * x0,O(x0)
miim,2.5655051e-8*x0**1.6406021,x0**1.6406021*2.5655051e-8,unknown,2.57E-08,O(x0^2)
neclabakery001,1.17051558267015e-9*x0**2,(-x0 - 1.1301846e-5*x0 - (-1.1399657e-5)*x0 + x0)*x0*0.011967116,unknown,1.1677012e,O(x0^2)
nusmvguidancep1,7.16820052965275e-7*exp(x0**0.17796126),exp(x0**0.17796126 - 1*14.148441),unknown,7.16820052965275e-7 * exp(x0 * 0.17796126),O(exp(0.17796126 * x0))
nusmvguidancep6,6.5492764e-5*x0,x0*6.5492764e-5,unknown,x,O(x0)
nusmvguidancep8,7.755315e-5*x0,x0*7.755315e-5,unknown,7.755315e - 5 * x0,O(x0)
nusmvreactorp3,4.6594246e-6*x0,x0*4.6594246e-6,unknown,4.6596047e - 6 * x0,O(x0)
nusmvreactorp4,1.4201737e-5*x0,x0*1.4201737e-5,unknown,1.4201737e - 5 * x0,O(x0)
nusmvreactorp5,1.8635783e-5*x0,x0*1.8635783e-5,unknown,1.8636114e - 5 * x0,O(x0)
nusmvreactorp6,0.000189999999975043*x0,x0*(-728.22015) + x0*728.22034,unknown,x0,O(x0)
nusmvtcasp2,3.7390446e-6*x0,x0*3.7390446e-6,unknown,3.7390616e - 6 * x0,O(x0)
nusmvtcasp3,3.953083e-6*x0,x0*3.953083e-6,unknown,3.953083e - 6 * x0,O(x0)
nusmvtcastp3,1.1968506e-5*x0,x0*1.1968506e-5,unknown,1.1968485e - 5 * x,O(x)
oc8051gm0caddr,9.50892325002282e-5*x0,x0*303.88992 - 303.88983*(x0 - 1*(-0.25168285)),unknown,9.50892325002282e - 5 * x0,O(x0)
oc8051gm12data,0.000109640830015325*x0,(x0*0.6947427 + x0 + x0 - (x0*2.6947432 - 1*1.6423838) - 1.0537758 - 1*0.40798536)*(-219.28166),unknown,0.000109640830015325 * x0,O(x0)
oc8051gm15addr,8.10967570257412e-5*x0,(x0*(-307.7793) + x0*(-156.03618) - x0 + x0 + x0*334.53125 + (x0 - 1*0.6470461)*129.2843)*1.1585251,unknown,5.99999999622014e - 5 * x,O(x)
oc8051gm1edata,5.09531249050927e-7*x0**1.3151681,(x0*523.61017 + (x0 + x0)*(-261.80505))**1.3151681*0.14844492,unknown,x0,O(x0)
oc8051gm2daddr,1.6217258*exp(0.0684493398158502*x0**0.28030282),1.6217258*exp((-x0 - x0 + x0*75.40907 + x0*207.2049 + (x0 + x0)*(-140.30695))**0.28030282),unknown,exp(exp(0.15717554 * x0^(0.15572321))),O(exp(exp(x0^(0.15572321))))
oc8051gm36addr,0.000139999999987594*x0,-571.2346*x0 + x0*571.23474 - 1*122.029785,unknown,0.000108489775376733 * x0,O(x0)
oc8051gm58addr,0.28481966**(-0.35442233*x0**0.16830258),0.28481966**(x0 - (x0**0.16830258*0.35442233 + x0)),unknown,7.50505936572696e-5 * x0,O(x0)
oc8051gm68addr,0.00014122279996455*x0,(-627.7971*x0 + x0*627.7972 - exp((-x0 + x0 + 2.9749026)**1.2080898))*1.412228,unknown,x0,O(x0)
oc8051gm7daddr,1.5552773**(x0**0.16930003),1.5552773**(x0**0.16930003 - x0 + x0),unknown,0.00010464908,**
oc8051gm98addr,exp(0.0547567503849064*x0**0.29331633),exp((x0*(-301.9542) + 301.95425*x0)**0.29331633),unknown,exp(0.016049000000000002 * x0^K),O(exp(0.016049000000000002 * x0^K))
oc8051gma6data,6.00000000190448e-5*x0,(x0 - 0.5950399)*(-222.06694) + (x0 - 1*0.6601945)*222.067,unknown,6.00000000190448e - 5 * x,O(x)
oc8051gmb8addr,0.000100000000031741*x0,-332.11166*x0 + (x0 - 0.359401)*332.11176,unknown,0.000100000000031741 * x0,O(x0)
oc8051gmc5addr,0.142850921429092*exp(x0**0.13239886),exp(x0**0.13239886 - x0 + x0 - 1.9459537),unknown,x0,O(x0)
oc8051gmc6data,55.5575773937311*exp(3.80504273120328e-7*x0),exp(-x0 + x0 + (x0*2.3513946e-8 + 0.24826369)*16.182068),unknown,0,O(1)
oc8051gmcadata,x0**0.25921398,x0**0.25921398 - x0 + x0*217.33649 - 216.33641*(x0 + 0.26383424),unknown,x,O(x)
oc8051gmdaaddr,1.29095383225845*exp(-x0**0.19640793)*exp(x0**0.21174176),exp(-x0**0.19640793 + x0**0.21174176 - x0 + x0 + 0.25538135),unknown,1.290953832,O(exp(x0^2))
oc8051gmfbaddr,8.8000000005195e-5*x0,-261.74066*x0 + x0*(-45.252552) + x0 + x0*305.9933,unknown,8.8000000005195e - 5 * x0,O(x0)
oski15a10b00s,x0**0.31719524,x0**0.31719524,unknown,x0,O(x0)
oski15a10b03s,4.533728357,15.840478**(-x0 + x0 + 0.5471519),unknown,5.86,O(1)
oski15a10b15s,1.49999999905504e-5*x0,x0*(-86.71106) - (-1)*86.711075*x0,unknown,x0,O(x0)
oski15a14b05s,3.00000000095224e-5*x0,x0*193.49457 - 193.49454*(x0 - 1*0.9266658) - 189.29564,unknown,0.723693774115327 * exp((3.69635339854686e-6 * x0 + 33.6228333622915) ^ 0.4011256),O(exp(x0^0.4011256))
oski15a14b08s,2.18292690063103e-5*x0,x0*5.8898877e-5*exp(-x0 + x0 - 0.99257034),unknown,2.2618088711944e-5 * x,O(x)
oski15a14b12s,1.79999999971869e-5*x0,x0*(-40.73866) - (x0*(-42.738678) + x0 + x0),unknown,x0,O(x0)
oski15a14b13s,exp(x0**0.0954861520644096),exp(-x0 + x0 + (x0 - (-x0**0.036043696 + x0))**2.6491776),unknown,44.156,O(1)
oski15a14b17s,exp(0.19061522*x0**0.20762417),exp(-(-0.19061522)*x0**0.20762417 - x0 + x0),unknown,exp(0.19061522,**
oski2ub0i,2.407637099,(-x0 - x0 + x0 + x0 + exp(-x0 + x0 + 3.0406804) - 19.244919)**1.7043006,unknown,NA,NA
oski3b0i,95.0837072,(-(-x0 + x0 - 0.64362574) - 0.493859)*634.87866,unknown,NA,NA
paper_v3,3.5080282e-7*x0,x0*3.5080282e-7,unknown,3.5080282e,**
pdtpmsam2901,1.47632346330278e-6*x0**1.4838974,((x0*(-1.0000004) + x0)*(-294.1341))**1.4838974 - (-1.0000004**x0)**16.16413,unknown,NA,NA
pdtpmsblackjack,6.898281e-10*x0**1.6714828,x0**1.6714828*6.898281e-10,unknown,NA,NA
pdtpmstwo,7.946641e-5*x0,x0*7.946641e-5,unknown,NA,NA
pdtswvibs8x8p0,1.0458899**(x0**0.29545707),1.0458899**(x0**0.29545707),unknown,NA,NA
pdtswvsam6x8p1,1.0343971**(x0**0.3030261),1.0343971**(x0**0.3030261),unknown,NA,NA
pdtswvtma6x4p1,1.2158196e-6*x0,1.2158196e-6*x0,unknown,1.2158196e - 6 * x0,O(x0)
pdtswvtms12x8p1,6.968935e-11*x0**1.9538025,x0**1.9538025*6.968935e-11,unknown,3.500444e-11 * x0^2,O(x0^2)
pdtswvtms14x8p1,3.9771405e-11*x0**2,x0*x0*3.9771405e-11,unknown,3.978753e - 11 * x0^2,O(x0^2)
pdtviscoherence4,6.77507e-11*x0**2,x0*x0*6.77507e-11,unknown,x^2,O(x^2)
pdtvisgigamax3,6.068157e-11*x0**2,x0*6.068157e-11*x0,unknown,2.4435037e - 11 * x0^3,O(x0^3)
pdtvisgigamax4,3.0707206e-10*x0**1.8960371,x0**1.8960371*3.0707206e-10,unknown,x0^2,O(x0^2)
pdtvisvending00,0.01239129089884*exp(0.548119181677235*x0**0.21262151),exp(-x0 + x0 + (x0*0.059139647)**0.21262151 - 4.3907614),unknown,NA,NA
pdtvisvending07,0.50310720519063*exp(1.1442872**(x0**0.18493947)),exp(1.1442872**(x0**0.18493947) - x0 + x0 - 0.686952),unknown,NA,NA
picorv32_mutAX_nomem-p2,1.1099938*exp(0.855964051194998/x0**0.8726976)**x0,exp(x0**(-0.8726976))**x0*(-0.053123552) + exp((x0*1.195081)**(-0.8726976))**x0*1.1099938 - 70.736664,unknown,NA,NA
picorv32_mutAX_nomem-p5,6.36287936212933e-8*x0**1.3700565,((x0*(-658.75867) - (-658.7587)*x0)*0.18633217)**1.3700565,unknown,NA,NA
picorv32_mutAY_nomem-p4,0.0615137983021991*exp(x0**0.14389938),(exp(x0**0.14389938 - x0 + x0 - 2.4530547) - exp(x0**0.14389938 - x0 + x0 - 2.7121465 - 1*0.6386))*1.2068104,unknown,NA,NA
picorv32_mutAY_nomem-p6,-(x0**2)**0.1874007,-(x0*x0)**0.1874007 + (exp(x0**(-0.9118551))**1.6491122)**x0*1.2353506 - 94.655685,unknown,NA,NA
picorv32_mutBX_nomem-p5,1.30830650120861*4.129735**(x0**0.09129412),4.129735**(x0**0.09129412 - x0 + x0 - 1*0.11437936 + 0.30386677) - 123.57288,unknown,3.00000000379441e - 5 * x0,O(x0)
picorv32_mutBY_nomem-p3,68.36886128,57.0297**(-x0 + x0 + 1.2893059) + (x0 - 0.99950105*(x0 + 8.225874) - 3623.2847)*(-x0 + x0 - 0.35459268 + 0.30213657) - 305.84375,unknown,68.36886128,O(1)
picorv32_mutBY_nomem-p4,x0**0.223453303420436,x0*(-x0 + x0*3.660757e-8 + x0 + 0.08985429 + 0.1255609)*0.00021435846 + x0**exp(-x0 + x0 - 1*1.6789347 + 0.18038188),unknown,7.5545235,O(x0^(0.10231167))
picorv32_mutBY_nomem-p6,-5.2555042e-5*x0,(-x0 + x0 + 0.85386544)**(-25.761547) - (-(-5.2555042e-5)*x0 + (-x0 + x0 + 0.85386544)*(-4716.121) + 4044.439),unknown,0.3673496693,O(x0^2)
picorv32_mutBY_nomem-p7,-6.4006*0.64520986357289**x0*x0,(0.75502306**x0 + (x0 - 1.8907076)*(-19.316973) + 175.29689)*6.4006*(x0*(-0.8545565**x0 - 1.0209005) + x0 - 1*(-0.8735221)) - 1*(-2.3925433),unknown,NA,NA
picorv32_mutCX_nomem-p0,7.36317044830588e-6*x0,(-(-4.1240186e-5)*x0 + exp(7.170451**(x0 - (x0 + 0.09980467) - 1*(-0.15627047) + 0.68806857)))*0.17854358 - 17.915554,unknown,NA,NA
picorv32_mutCY_nomem-p0,4.14595216856565e-5*x0,x0*(exp(-x0 + x0 - 0.07705952)*0.06724818)**((x0 - (x0 - 1.3353046) + 3.0438378)*0.8299469) - 1*3.7925622 - 1.6854776,unknown,NA,NA
picorv32_mutCY_nomem-p3,21.1396641,443.95602 + (x0 - (-x0 + x0 + x0 + x0 - (x0 + 1.3602638) - 1*2.9739738 + 0.7762498 + 2.3115895))*(-339.23053),unknown,2.1388779 * x,O(x)
picorv32-check-p05,1.2950252e-12*x0**2,x0*1.2950252e-12*x0,unknown,NA,NA
picorv32-check-p09,2.3777266e-10*x0**1.647825,x0**1.647825*2.3777266e-10,unknown,NA,NA
picorv32-check-p19,1.0990093e-5*x0,x0*1.0990093e-5,unknown,NA,NA
picorv32-check-p20,1.03189337404739*exp(0.031395342*x0**0.3108033),exp((x0**0.3108033 - x0 - x0 + x0 + x0 + 1.0)*0.031395342),unknown,NA,NA
picorv32-check-p22,1.8876747e-12*x0**1.964991,x0**1.964991*1.8876747e-12 - 10.218552*(-x0 - x0 - x0 + x0 + x0 + x0 - 1*4.936678 - 1.5320431 + 6.384941),unknown,NA,NA
pj2015,exp((x0**0.20242941 + 7.99999999756551e-6*x0 - 0.76522565)**0.30946097),exp((x0**0.20242941 - 31.730782*x0 + x0 + x0*30.73079 - 0.76522565)**0.30946097) - 51.481777,unknown,NA,NA
pj2016,(0.42262435*exp(0.059617724*x0**0.23503834) - 1.09501850750182)**2.3591063,((x0 - (x0 + 2.5909972) + exp(x0**0.23503834*0.059617724))*0.42262435)**2.3591063,unknown,NA,NA
pj2018,1.0278599**(x0**0.3050826),1.0278599**(x0**0.3050826),unknown,NA,NA
power2sum256,3.448332e-7*x0,x0*3.448332e-7,unknown,NA,NA
power2sum32,3.2868306e-7*x0,x0*3.2868306e-7,unknown,NA,NA
prodcellp0neg,2.0340085e-6*x0,x0*2.0340085e-6,unknown,NA,NA
prodcellp1,2.0462926e-6*x0,x0*2.0462926e-6,unknown,NA,NA
prodcellp2neg,2.1074136e-6*x0,2.1074136e-6*x0,unknown,NA,NA
productioncellp0,2.3347038e-6*x0,x0*2.3347038e-6,unknown,NA,NA
qspiflash_dualflexpress_divfive-p054,0.00452077427513276*exp(x0**0.1572954),exp(x0**0.1572954 - x0 + x0 - 5.399072),unknown,NA,NA
qspiflash_dualflexpress_divfive-p058,-x0**0.30773556,-x0**0.30773556 + x0*7.61227e-5,unknown,NA,NA
qspiflash_dualflexpress_divfive-p074,1.48038202360605e-10*x0**2,(x0 + x0)*(-x0 - x0 + x0*3.3285767e-7 + x0 + x0 - 1*0.1826269 - 1*(-0.17446162))*0.00022237463,unknown,NA,NA
qspiflash_dualflexpress_divfive-p079,1.6353111e-9*x0**1.6757171,7.2498274e-10*x0**1.7285898,unknown,O(x0^2),O(x0^2)
qspiflash_dualflexpress_divfive-p092,3.517293e-10*x0**1.7653747,x0**1.7883389*2.4389718e-10,unknown,x0^1.7653747,O(x0^1.7653747)
qspiflash_dualflexpress_divfive-p116,0.000114304446491241*x0,(-x0 + x0 + 0.25002903)*x0*0.0004571647,unknown,NA,NA
qspiflash_dualflexpress_divfive-p120,1.4829131e-5*x0,x0*1.4829131e-5,unknown,NA,NA
qspiflash_dualflexpress_divfive-p126,7.6555185e-13*x0**2.1967316,x0**2.1967316*7.6555185e-13,unknown,NA,NA
qspiflash_dualflexpress_divfive-p128,7.88096730642344e-7*exp(x0**0.1845231),exp(x0**0.1845231 - 14.053645),unknown,NA,NA
qspiflash_dualflexpress_divfive-p133,0.00253727400664785*exp(x0**0.15914366),exp(x0**0.15914366 - 5.976665),unknown,1.1243975e-11 * x0^2,O(x0^2)
qspiflash_dualflexpress_divfive-p135,5.47541e-9*x0**1.6145722,x0**1.6145722*5.47541e-9,unknown,9.24E-08,**
qspiflash_dualflexpress_divfive-p136,1.5140675e-11*x0**1.9814947,x0**1.9814947*1.5140675e-11,unknown,1.5140675e - 11 * x0**2,O(x0^2)
qspiflash_dualflexpress_divfive-p154,6.42131282063068e-8*x0*exp(x0**0.123595074),x0*exp(x0**0.123595074 - x0 + x0 - 17.313696)*2.1225917,unknown,NA,NA
qspiflash_dualflexpress_divthree-p006,1.6669435e-9*x0**1.6486746,x0**1.6486746*1.6669435e-9,unknown,NA,NA
qspiflash_dualflexpress_divthree-p032,0.00340457109090084*exp(2.629696*x0**0.10359818),exp((x0**0.10359818 - x0 + x0 - 1*2.160948)*2.629696) - 1*72.504486,unknown,NA,NA
qspiflash_dualflexpress_divthree-p034,-x0**0.538265,x0*0.0009923173 - (x0**0.538265 - exp(x0**0.09571578 - x0 + x0 - 1*(-2.9299092))),unknown,NA,NA
qspiflash_dualflexpress_divthree-p046,7.872511e-10*x0**1.735518,7.872511e-10*x0**1.735518,unknown,NA,NA
qspiflash_dualflexpress_divthree-p054,1.5639925e-8*x0**1.5232223,x0**1.5232223*1.5639925e-8,unknown,NA,NA
qspiflash_dualflexpress_divthree-p069,0.000351016088277638*exp(x0**0.1679396),exp(x0**0.1679396 - 7.9546785),unknown,NA,NA
qspiflash_dualflexpress_divthree-p075,1.1320001**(x0**0.24838117),1.1320001**(x0**0.24838117),unknown,NA,NA
qspiflash_dualflexpress_divthree-p076,0.000112072090002691*x0,(-x0 + x0 + 0.25039598)*0.00044757943*x0,unknown,NA,NA
qspiflash_dualflexpress_divthree-p085,3.3976568e-11*x0**2,x0*x0*3.3976568e-11,unknown,NA,NA
qspiflash_dualflexpress_divthree-p094,1.5316314e-8*x0**1.4927049,x0**1.4927049*1.5316314e-8,unknown,NA,NA
qspiflash_dualflexpress_divthree-p106,3.99999999984857e-5*x0,x0*(-119.25986) + x0 - (-118.2599)*x0 - 14.328544,unknown,NA,NA
qspiflash_dualflexpress_divthree-p111,1.7329803e-11*x0**2,x0*x0*1.7329803e-11,unknown,NA,NA
qspiflash_dualflexpress_divthree-p113,735005.005805949*(exp(x0**(-0.32730377))**(-24.631023))**38.79611,(1.4164727/exp(x0**(-0.32730377))**24.631023)**38.79611,unknown,NA,NA
qspiflash_dualflexpress_divthree-p121,-0.00177838302045186*x0,x0*(-(-0.0009118382)*(x0**0.051188346 + x0 - (x0 - 0.13498925) + 42.472084) - 0.04062914) - 1.1919338,unknown,NA,NA
qspiflash_dualflexpress_divthree-p124,1.1797051e-11*x0**2,x0*1.1797051e-11*x0,unknown,NA,NA
qspiflash_dualflexpress_divthree-p158,1.8306555e-6*x0,x0*1.8306555e-6,unknown,NA,NA
qspiflash_dualflexpress_divthree-p164,1.1558262**(x0**0.23960386),1.1558262**(x0**0.23960386),unknown,NA,NA
qspiflash_qflexpress_divfive-p067,3.99999999842748e-5*x0,x0*(-196.30759) - x0 + x0*197.30763 - 10.688852,unknown,NA,NA
qspiflash_qflexpress_divfive-p075,7.590504e-9*x0**1.550085,x0**1.550085*7.590504e-9,unknown,NA,NA
qspiflash_qflexpress_divfive-p079,1.2861604e-11*x0**2,x0*x0*1.2861604e-11,unknown,NA,NA
qspiflash_qflexpress_divfive-p094,1.0797255**(x0**0.2793997),1.0797255**(x0**0.2793997),unknown,NA,NA
qspiflash_qflexpress_divfive-p100,1.0682467e-7*x0**1.3535616,x0**1.3535616*1.0682467e-7,unknown,NA,NA
qspiflash_qflexpress_divfive-p104,9.103037e-15*x0**2.4070148,x0**2.4070148*9.103037e-15,unknown,NA,NA
qspiflash_qflexpress_divfive-p107,-0.00167744702337945*x0,x0*(-(-0.00049191987)*(x0**0.09095596 - x0 + x0 - 3.0668042) - 0.0001688251),unknown,NA,NA
rast-p01,8.4000000000195e-7*x0,x0*(-0.5131182) + x0*0.51311904 + 0.20737863,unknown,NA,NA
rast-p03,exp(0.9917563**(-0.45406613*x0**0.32618887487856)),exp(0.9917563**(-0.45406613*x0**0.32618887487856)) + 5.6702013,unknown,NA,NA
rast-p04,7.84049841939805e-7*x0,-x0 + (x0*(-0.008767559) + x0)*1.0088459,unknown,NA,NA
rast-p06,8.77000000176764e-7*x0,-x0 - x0 + x0*(-0.017986512) + x0*0.012260082 + x0 + x0 + (x0 + x0)*0.0028636535 + 1.028525 + exp(-0.019972587**x0),unknown,NA,NA
rast-p21,8.0594606e-7*x0,x0*8.0594606e-7 + (-x0 + x0 + 1.0000008)**3.7262337,unknown,NA,NA
ringp0,6.085884e-6*x0**1.03157313755544,x0**(3.8181465**(-x0 + x0 + 0.023201795))*6.085884e-6 - 1*0.678673,unknown,NA,NA
shift_register_top_w16_d16_e0,8.029662/x0**113.27014,x0*(x0*(8.029662/x0**115.27014 - 1*0.18374842) + x0 - 1*8.844051) - 1*0.0018661411,unknown,NA,NA
shift_register_top_w32_d8_e0,6.5047425e-5*x0,x0*6.5047425e-5,unknown,NA,NA
shift_register_top_w64_d8_e0,223.825712704335*3.7739587**(x0**0.106628805)/3.7739587**(x0**0.10625091),3.7739587**(x0**0.106628805 + x0 - (x0**0.10625091 + x0 - 4.0740666)),unknown,NA,NA
shift1add2048,2.8920857e-7*x0,x0*2.8920857e-7,unknown,NA,NA
stack-p1,-1.1667135*x0**0.23949109,(-x0**0.23949109 + x0*(-59.51015) + x0*(-0.27212378) + x0 + x0*58.78229 - 1.7120975)*1.1667135,unknown,NA,NA
texasparsesysp3,4.152963e-6*x0,x0*4.152963e-6 + x0**3.8299735*exp(-x0 + x0 - 61.53282),unknown,NA,NA
texaspimainp05,0.000110000000006494*x0,x0*111.6773 + (x0 + 0.31980547)*(-111.67719),unknown,NA,NA
texaspimainp12,5.481852e-5*x0,x0*5.481852e-5 - 1*77.8856,unknown,NA,NA
vcegar_QF_BV_itc99_b13_p10,2.94809e-7*x0,x0*2.94809e-7,unknown,NA,NA
vgasim_imgfifo-p064,5.5837245e-6*x0,x0*5.5837245e-6,unknown,NA,NA
vgasim_imgfifo-p066,25.48690641,(x0 - (-x0 + x0 + x0 - 1*3.0074983))**2.9408224,unknown,NA,NA
vgasim_imgfifo-p082,7.4566947e-6*x0,x0*7.4566947e-6,unknown,NA,NA
vgasim_imgfifo-p089,1.2673837e-12*x0**2,x0*x0*1.2673837e-12,unknown,NA,NA
vgasim_imgfifo-p093,2.2258307e-6*x0,x0*2.2258307e-6,unknown,NA,NA
vgasim_imgfifo-p099,exp(0.0150008835646426*x0**0.34434274),exp((x0*(-107.76739) - 0.41125795*x0 - (-48.217426)*x0 - (-59.961227)*x0)**0.34434274),unknown,NA,NA
vgasim_imgfifo-p105,exp(3.1590088e-7*x0),exp(x0*3.1590088e-7),unknown,NA,NA
vis_arrays_am2901,3.5460012e-5*x0,x0*3.5460012e-5,unknown,NA,NA
vis_arrays_am2910_p1,0.00154466147912873*exp(x0**0.15630314),exp(x0**0.15630314 - x0 + x0 - 6.4729505),unknown,NA,NA
vis_arrays_am2910_p2,3.4687256e-14*x0**2.4249012,x0**2.4249012*3.4687256e-14,unknown,NA,NA
vis_arrays_am2910_p3,exp(0.03229581*x0**0.31526276),exp(x0**0.31526276*0.03229581),unknown,NA,NA
vis_arrays_buf_bug,x0**0.27113262,x0**0.27113262,unknown,NA,NA
vis4arbitp1,2.140284e-7*x0**1.6897477,x0**1.6897477*2.140284e-7,unknown,NA,NA
visarbiter,8.177329e-8*x0**1.618625,x0**1.618625*8.177329e-8,unknown,NA,NA
viselevatorp1,3.350392e-7*x0,x0*3.350392e-7,unknown,NA,NA
viselevatorp2,2.4235e-5*x0,x0*2.4235e-5,unknown,NA,NA
viselevatorp3,2.8836292e-5*x0,x0*2.8836292e-5,unknown,NA,NA
zipcpu-busdelay-p15,5.6491003e-6*x0,x0*5.6491003e-6,unknown,NA,NA
zipcpu-busdelay-p36,2.6293520558052e-13*x0**2.539037,x0*x0**1.539037*4.870998e-9*((-x0 + x0*1.4901055e-7 + x0)*x0*1.6697664e-10 + 5.397974e-5),unknown,NA,NA
zipcpu-busdelay-p47,2.01313624837816e-12*x0**2,x0*x0*6.724618e-13*(-x0 + x0 + 2.9936812),unknown,NA,NA
zipcpu-pfcache-p01,3.017615e-14*x0**2,x0*x0*3.017615e-14,unknown,NA,NA
zipcpu-pfcache-p02,-1.27179987539007*x0**0.052572947,(-x0 - (-18.837202)*x0 + (x0**0.052572947 + x0)*(-17.837198) - 61.595142)*exp(-x0 + x0 - 3.0781474)*1.548512,unknown,NA,NA
zipcpu-pfcache-p22,exp((4.6993997e-17*x0**2.2785058 + 2.1045059)**0.51708835),exp((-x0 - x0 + x0 + x0 + x0**2.2785058*4.6993997e-17 - 1.481743 + 3.5862489)**0.51708835),unknown,NA,NA
zipcpu-pfcache-p24,1.2311503e-6*x0,x0*1.2311503e-6,unknown,NA,NA
zipcpu-zipmmu-p39,8.465917e-6*x0,x0*8.465917e-6,unknown,NA,NA
zipcpu-zipmmu-p48,2.0547328e-7*x0**1.3751045,x0**1.3751045*2.0547328e-7,unknown,NA,NA